RK,Year,Feet,Inches,Height,Player,TEAM,CONF,MIN%,PRPG!,BPM,ORTG,USG,EFG,TS,OR,DR,AST,TO,BLK,STL,FTR,2P,2P Pct,3P/100,3P_PCT,D-PRPG,DBPM,D-RTG,Team Name
1,So,6,8,80,Keegan Murray,Iowa,B10,77,7.1,15,131.2,28.1,61.4,63.8,9.8,20.2,10.1,7.1,6.4,2.3,34.3,241-388,0.621,8.4,0.398,3.9,2.4,91.9,
2,Jr,6,7,79,E.J. Liddell,Ohio St.,B10,82.4,6,10.4,116.2,30.5,54.6,59.8,8.9,19.1,16.1,15.1,8.2,1,53.4,157-291,0.54,7.2,0.374,3.9,2.5,93.4,
3,Jr,6,9,81,Oscar Tshiebwe,Kentucky,SEC,79.2,5.9,12,124.2,24.8,60.4,62.5,19.4,34.3,6.1,14.2,5.4,3.2,41.9,238-393,0.606,0.1,0,5.1,3.1,81,
4,Jr,6,5,77,David Roddy,Colorado St.,MWC,82.1,5.9,10.4,119.1,28.8,63.4,64.9,7.3,20.8,19.8,15.2,4,2.1,38.9,172-275,0.625,6.3,0.437,3.8,2.3,94.2,
5,So,7,1,85,Hunter Dickinson,Michigan,B10,76,5.9,9.9,119.9,26.8,58.8,61.7,9.1,22.7,16.1,14,5,0.9,27.2,219-362,0.605,3.7,0.328,3.8,2.6,93.3,
6,Sr,6,11,83,Jake Stephens,VMI,SC,80.8,5.8,9.4,124.5,26.3,65.4,68.4,6.1,22.6,21.8,16.7,6.9,0.9,40.6,116-198,0.586,8.7,0.5,2.7,1.1,104.7,
7,Sr,6,3,75,Collin Gillespie,Villanova,BE,85.4,5.7,8.1,122.6,22.4,56.5,60.9,1.5,11.6,20.2,13.7,0,1.9,26.8,75-161,0.466,13.2,0.415,3.9,2,94.6,
8,Sr,6,1,73,Antoine Davis,Detroit,Horz,92.4,5.5,3.2,110.9,34.7,53.1,56.7,1.6,10.6,29.8,16,0.1,1.6,21.4,125-257,0.486,17.1,0.379,1.8,-2.9,113.5,
9,Sr,6,1,73,Kendric Davis,SMU,Amer,83.5,5.4,7,115.8,27.6,53.1,60.3,1.7,9.5,28,16.3,0.3,2.6,48.7,107-212,0.505,10.8,0.372,3.8,1.6,95.5,
10,Jr,7,1,85,Kofi Cockburn,Illinois,B10,64.5,5.4,8,114.7,30.7,59.3,61.3,12.9,25.6,6.7,14.6,3,1.6,53.3,226-381,0.593,0,0,4.3,1.5,86.6,
11,Sr,6,4,76,Javon Freeman-Liberty,DePaul,BE,67.4,5.4,7.5,111.2,30.3,49,53.6,5.4,16.9,20.3,11.6,0.2,2.8,39.4,127-276,0.46,9,0.368,3.5,0.9,98.6,
12,Sr,5,9,69,Darius McGhee,Liberty,ASun,86.8,5.3,7.3,108.9,36.8,55.4,59,1.9,13.7,27.7,15.6,0.6,2,22.8,129-235,0.549,19.5,0.372,3.2,-0.2,100.4,
13,So,6,4,76,Malachi Smith,Chattanooga,SC,89.5,5.3,8.3,117.7,28,54.5,59.1,6,16.7,17.1,14.7,0.4,2.9,35.4,179-344,0.52,7.2,0.403,4,1.6,95.4,
14,Sr,6,3,75,Terrell Brown Jr.,Washington,P12,89.3,5.2,8.2,107.5,31.8,46.2,51.6,3.6,9.6,30,11.9,1.5,3.4,38.5,245-509,0.481,3,0.2,3.6,2.2,98,
15,So,6,1,73,Nijel Pack,Kansas St.,B12,76.8,5.2,10,117,23.8,57.8,60.3,2.6,10.9,16.3,11.2,0.4,2.4,18.4,80-167,0.479,13.5,0.436,3.5,1.5,96.5,
16,Jr,7,1,85,Orlando Robinson,Fresno St.,MWC,79.3,5.2,10,109.9,33.8,51.8,55.5,10.1,22.1,23.2,14.1,4.7,2,42.4,200-393,0.509,5.7,0.37,4.3,2.7,89.3,
17,Sr,6,7,79,Hunter Maldonado,Wyoming,MWC,91.9,5.2,4.9,108.5,30.8,52,56.6,3.5,14.1,38.6,19.6,0.4,1.9,53,192-346,0.555,4.1,0.25,4.1,1.6,95.4,
18,Sr,6,5,77,Ochai Agbaji,Kansas,B12,84.6,5.2,8.1,114,23.3,57,59.5,2.8,12.9,8.7,14.5,1.7,1.5,28,155-290,0.534,10.7,0.407,4.2,1.7,92.4,
19,So,6,9,81,Trayce Jackson-Davis,Indiana,B10,79.8,5.2,10.8,117.8,26.2,58.9,61.3,8.3,20.4,13.9,11.7,8.4,1.1,52.2,246-415,0.593,0.2,0,4.4,3.8,87.8,
20,Sr,6,7,79,Justin Bean,Utah St.,MWC,87.9,5.1,9.3,118.2,23.5,58.7,61.5,8.9,24.2,15.4,13.8,1.6,2.7,27,176-318,0.553,4.9,0.464,4.4,2.5,91.4,
21,Jr,6,1,73,Foster Loyer,Davidson,A10,65.9,5.1,5.8,122.6,25.6,57.1,63.8,1.2,11.5,22.3,13.1,0,1.5,40.3,65-139,0.468,11.8,0.438,2.6,-0.5,102.5,
22,Jr,6,6,78,Jalen Williams,Santa Clara,WCC,86.7,5.1,5.5,116.1,24.9,56.2,60.1,2,11.7,22.7,13.6,1.5,1.9,33,177-321,0.551,5.2,0.396,3.3,0.9,100.3,
23,Jr,6,3,75,Scotty Pippen Jr.,Vanderbilt,SEC,82.1,5,7.3,104.9,34.4,47.6,54.1,2.9,9.7,32.6,17.1,0.6,3.4,55.6,160-341,0.469,9.6,0.325,3.9,2.1,93.4,
24,Jr,6,10,82,Armando Bacot,North Carolina,ACC,78.3,5,8.2,117.9,25,57,59.6,14.9,29.9,9.9,14.3,5.2,1.5,50.8,243-421,0.577,0.4,0.125,4.3,2.7,87.5,
25,Sr,6,4,76,Bryce Hamilton,UNLV,MWC,82.5,5,7.5,106.2,33.6,50.2,54,2.3,15.3,18.4,10.8,0.4,1.5,29.4,162-334,0.485,13.5,0.351,3.2,-0.1,99.6,
26,So,7,1,85,Ryan Kalkbrenner,Creighton,BE,70.6,5,10.2,128.8,20,65.1,67.4,16,12.9,6.7,13.8,8.5,0.9,48.1,170-256,0.664,0.7,0.25,3.6,3.4,91.3,
27,Jr,6,7,79,JT Shumate,Toledo,MAC,80.3,4.9,7.3,135.8,18.4,65.1,67.7,7.6,12.5,10.1,9.9,4.3,1.1,26.8,114-190,0.6,7.3,0.481,3,1.2,100.2,
28,Jr,6,1,73,Jahmir Young,Charlotte,CUSA,89.6,4.9,5.2,113.7,28.1,53,58.5,2.4,18,23.3,12.7,1.4,1.8,33,154-285,0.54,8.9,0.341,2.7,-0.5,105.6,
29,Jr,6,5,77,Isiaih Mosley,Missouri St.,MVC,79.5,4.9,6,113.9,30.8,56.7,61,3.9,18.9,15.8,16,0.5,2.2,26.9,177-327,0.541,9,0.412,3.1,0,98.9,
30,Sr,6,9,81,Keve Aluma,Virginia Tech,ACC,76.7,4.9,8.1,117,26.4,56.8,60.2,8.6,18.5,13.9,14,3.5,1.5,31.8,195-334,0.584,4.3,0.333,3.7,2,92.5,
31,Jr,6,5,77,Wendell Moore Jr.,Duke,ACC,84.6,4.8,7.3,121.1,20.3,56.9,60.5,4.3,12.4,21.7,16.6,0.6,2.3,31.4,136-250,0.544,5.6,0.413,3.8,1.9,95,
32,Sr,6,2,74,Alex Barcello,BYU,WCC,80.8,4.8,7,118.2,23.8,54.9,59.8,1.1,11.6,19.6,13.8,0,1.6,32.7,102-211,0.483,10.5,0.413,3.3,1.2,98.3,
33,Sr,6,1,73,R.J. Cole,Connecticut,BE,82.2,4.8,5.4,115.5,24.3,48.4,53.6,2.3,9,24.9,14.1,0.2,1.9,29.7,118-253,0.466,9.5,0.339,3.4,1,97.2,
34,Jr,6,10,82,Drew Timme,Gonzaga,WCC,70,4.8,8.2,115.8,29.6,59.6,61.6,7.9,16.8,17.6,16.1,2.7,0.5,43.9,224-368,0.609,1.7,0.286,3.7,1.9,89.6,
35,Sr,5,8,68,Tavian Dunn-Martin,Florida Gulf Coast,ASun,83.3,4.7,3.2,110.6,33.5,51,56.8,1.7,8.5,38.1,19,0.1,1.8,34.2,113-246,0.459,14.5,0.371,2,-2.4,110,
36,Sr,6,4,76,Payton Willis,Minnesota,B10,87.1,4.7,7.6,112.5,24,57.7,58.5,2.3,13.3,25.9,12.5,1.4,2.4,22.4,95-184,0.516,10,0.428,3.6,1.4,98.7,
37,So,6,7,79,Dereon Seabron,North Carolina St.,ACC,87.8,4.7,5.3,111.4,26.3,50.6,55.3,7.7,18.4,19.1,14.8,0.3,2.3,49.8,189-362,0.522,2.3,0.25,3,-0.2,103,
38,Sr,6,6,78,Buddy Boeheim,Syracuse,ACC,90.1,4.7,3.9,110,25,49,53.1,1.7,7.9,16,10.8,0.3,2.3,21.4,125-265,0.472,12.5,0.34,2.8,-0.4,105.8,
39,Jr,6,3,75,Iverson Molinar,Mississippi St.,SEC,84.2,4.7,5.4,110.7,26.6,48.3,55.3,1.8,9,23.5,15.5,1.3,2.1,40.3,178-345,0.516,5.5,0.252,3.4,0.8,98.2,
40,Jr,6,1,73,Isaiah Stevens,Colorado St.,MWC,86.9,4.7,4.1,115.1,23.6,51.9,56.7,1.4,10,27.4,12.5,0.4,2.1,26.4,116-236,0.492,6.3,0.385,3.3,0.6,99.9,
41,Sr,6,10,82,Luka Brajkovic,Davidson,A10,74.7,4.7,7.6,121.2,24.1,63.3,63.8,8,21.4,18.4,14.1,4.6,0.6,27.2,159-247,0.644,5.4,0.402,3,1.2,98.8,
42,Jr,5,11,71,Jordan Walker,UAB,CUSA,79.5,4.7,5.1,108.6,33.4,50.8,55.7,0.4,9.4,29.9,19.6,0.1,2.5,27.7,104-256,0.406,15.4,0.4,3,-1,99.9,
43,Fr,6,10,82,Paolo Banchero,Duke,ACC,82.2,4.7,7.1,111.3,27.2,52,55.7,6.5,19.1,17.5,15.4,2.7,1.9,36.6,201-383,0.525,5.9,0.338,4,1.6,91.9,
44,Jr,7,1,85,Jack Nunge,Xavier,BE,65.4,4.6,9.5,127,21.6,60.5,63.3,10.5,21.2,8.8,9,5.6,1.6,53.4,132-209,0.632,5.8,0.365,3.2,1.7,92,
45,Jr,6,1,73,Max Abmas,Oral Roberts,Sum,93.5,4.6,2,112.5,29.4,51.5,55.6,0.9,9.1,18.6,12.3,0.3,1.4,26.1,107-237,0.451,14.9,0.379,2.1,-2.5,110.9,
46,Sr,6,9,81,Gaige Prim,Missouri St.,MVC,74,4.6,5.8,116.9,28.8,57.1,61.9,12,20.3,11.7,16.5,4.5,1.7,49,196-341,0.575,1.1,0.333,3.1,0.7,96.9,
47,Fr,6,6,78,Bennedict Mathurin,Arizona,P12,80.6,4.6,6.7,116.9,23.5,53.7,57.7,5.1,12.6,13.8,12.9,0.8,1.6,36.9,135-260,0.519,10.2,0.372,3.9,1,92.5,
48,Sr,6,4,76,Daylen Kountz,Northern Colorado,BSky,86.1,4.6,1.9,114,29,57.1,60.9,1.3,12.1,16.7,13.8,0.9,1.4,32.9,220-403,0.546,6.3,0.43,1.8,-2.1,112.5,
49,Jr,6,4,76,AJ Green,Northern Iowa,MVC,87.6,4.6,3.6,110.4,26.2,52,58.5,0.8,11.7,14.2,13.4,0.1,1.4,36.3,81-184,0.44,12.6,0.388,2.9,-1,104.7,
50,So,7,1,85,Mark Williams,Duke,ACC,58.9,4.6,12.1,138.6,18.6,71.8,72.4,13.2,21.4,6.9,12.3,11.3,1.3,28.9,191-265,0.721,0.1,0,3.3,4.3,87.2,
51,Sr,6,5,77,Kameron McGusty,Miami FL,ACC,85,4.6,5.6,110.5,25.9,53.7,57.8,2.4,15,14.2,12.3,0.9,3.1,31.6,173-321,0.539,8.1,0.355,3.5,1,97.3,
52,Sr,6,2,74,Jamaree Bouyea,San Francisco,WCC,91.3,4.6,8.2,112.6,23.3,54,56.3,1.7,13.8,21.3,15.2,2.4,2.9,21.4,146-268,0.545,8.9,0.356,4.6,3.1,91.4,
53,So,6,6,78,Baylor Scheierman,South Dakota St.,Sum,84.5,4.6,7.5,124.9,22.6,61.2,64.3,1.6,24.2,22.4,13.9,0.4,2.2,32.6,110-202,0.545,8.4,0.462,3.2,1.3,100.3,
54,Jr,6,6,78,Teddy Allen,New Mexico St.,WAC,85.1,4.5,4.9,109.6,28.6,50.7,56.9,3.7,18.2,15.9,17.2,0.6,2,36.9,130-252,0.516,11.3,0.33,3.9,1,94.6,
55,Jr,6,6,78,Christian Braun,Kansas,B12,85.1,4.5,8,114.1,20.2,55.6,58.5,4.9,16,14.5,16.8,2.5,1.6,32.3,156-286,0.545,5.5,0.386,4.3,2.8,90.6,
56,So,6,4,76,Jaden Ivey,Purdue,B10,75.7,4.5,6.5,111.6,27.7,53.4,58,2.7,15,19.2,17.9,2,1.7,47,139-261,0.533,9.4,0.358,3.4,1,96,
57,So,6,1,73,Ques Glover,Samford,SC,71.3,4.5,2.1,111.3,32.4,51.1,55.7,2.1,7.5,34.3,15.6,0.2,2,34.5,158-300,0.527,6.9,0.31,2.2,-1.8,107.7,
58,So,6,1,73,Mark Sears,Ohio,MAC,89.3,4.5,4.9,111.8,29.5,50.7,58,6,13.9,25,17.8,0.4,2.6,44.1,154-334,0.461,6.9,0.41,3.4,0.5,99.9,
59,So,6,5,77,Johnny Davis,Wisconsin,B10,80.4,4.5,7.7,102.9,31.6,46.3,52.2,4.3,23.8,14.6,12.7,2.3,2,39.8,173-371,0.466,6.9,0.303,4.6,2.4,89.1,
60,Jr,6,8,80,Jake LaRavia,Wake Forest,ACC,79.4,4.5,7.9,118.6,21.6,60.4,64.7,7.5,14.1,20,20.2,2.9,2.7,52.7,138-225,0.613,3.6,0.384,4.2,3.5,91.1,
61,So,6,8,80,Tari Eason,LSU,SEC,58.8,4.5,13.5,115.7,30.8,55.9,61.5,10.5,19.8,10.1,16.5,6.5,4.6,51.5,162-287,0.564,5.5,0.359,4.1,5.1,78.5,
62,Sr,6,10,82,Sukhmail Mathon,Boston University,Pat,75,4.5,4,121.5,26.5,53.8,60.3,15.2,25.8,11.1,13.8,2.4,1.3,60.2,177-327,0.541,0.3,0.2,2.3,-1.6,105.7,
63,Sr,6,5,77,Alondes Williams,Wake Forest,ACC,84.1,4.5,6,108.2,29.8,54.9,57.6,5,15.6,31,20,1.2,2,37.9,202-336,0.601,6.6,0.284,4,1.5,93.2,
64,Jr,6,8,80,Tosan Evbuomwan,Princeton,Ivy,72.8,4.4,5.3,113.3,31.8,54.5,55.3,9.5,16.3,32.3,15.3,1.1,2.7,41.1,180-320,0.563,1.1,0.125,2.6,0.7,102.8,
65,Jr,6,3,75,Souley Boum,UTEP,CUSA,84,4.4,4.8,109,27.9,48.5,55.7,2.1,12.6,17.3,11.6,0.4,3,45.7,113-260,0.435,9.4,0.374,3.7,0.7,98.3,
66,Sr,6,8,80,Ryan Davis,Vermont,AE,57.8,4.4,9,125.7,27.1,66.4,68.4,6,19.3,11.2,12.2,3.2,0.6,32.8,139-212,0.656,8,0.455,2.8,0.9,97.3,
67,Jr,6,2,74,Grant Sherfield,Nevada,MWC,80.6,4.4,1.4,104.5,29.7,47.9,53.4,0.6,12,38.5,17,0,0.9,30.4,134-282,0.475,7.7,0.326,2.7,-1.8,105.3,
68,Sr,6,11,83,Colin Castleton,Florida,SEC,62.7,4.4,7.6,112,26.9,54.8,58.4,11.6,23.3,12.5,16,7.8,1.7,49.4,172-305,0.564,0.6,0,3.8,2.4,91,
69,Sr,6,9,81,Brady Manek,North Carolina,ACC,75.4,4.4,8.4,119.8,21.1,60.4,61.3,5.5,16.1,11.8,13.5,2.3,1.1,17.1,121-201,0.602,11.7,0.403,3.4,1.9,94.6,
70,Jr,6,3,75,Aaron Estrada,Hofstra,CAA,88.3,4.4,5,110.8,27.8,54.1,57.4,1.7,17.3,27.3,15.5,0.5,2.3,16.7,163-288,0.566,9.3,0.333,2.9,0,103.7,
71,Sr,6,1,73,CJ Fleming,Bellarmine,ASun,89.4,4.4,2.2,120.5,20.8,54.8,59.5,1.4,8.8,7.6,5,0.5,1.3,29.9,70-137,0.511,12.6,0.382,1.8,-2.2,112.7,
72,Sr,6,5,77,Will Richardson,Oregon,P12,68.7,4.3,5.5,114,23.1,55,58.1,3.2,9.8,21.7,16.4,0.1,2.3,28.7,91-178,0.511,8.9,0.399,3,0.9,100.1,
73,Jr,6,6,78,Tanner Holden,Wright St.,Horz,88.9,4.3,2.4,112.8,27.9,50.9,57.5,7.5,16.1,14.1,14.9,0.6,2.3,54.6,226-443,0.51,1.9,0.333,2.9,-0.8,104.3,
74,So,7,4,88,Zach Edey,Purdue,B10,47,4.3,12.2,122.4,34.2,64.6,65.4,21.3,26.8,16.2,15.9,7.4,0.8,53.5,210-325,0.646,0,0,2.4,1.7,90.7,
75,Fr,6,1,73,Jalen Cook,Tulane,Amer,68.9,4.3,4.7,106.8,28.2,50.6,55.1,2.5,5.7,23.3,12.4,0.3,2.7,33.1,93-205,0.454,9.5,0.391,2.7,-0.1,104.2,
76,Sr,6,9,81,Felipe Haase,Mercer,SC,86.3,4.3,5.1,120.2,21.7,58.5,63.1,4.1,15.5,18.6,14.6,1.4,1.9,34.5,85-153,0.556,9.6,0.408,2.5,-0.3,106.2,
77,Jr,6,10,82,KJ Williams,Murray St.,OVC,74.3,4.3,7.1,117.9,26.4,55.9,57.9,10.7,22.6,5.3,11.1,2.6,3,27.3,189-319,0.592,6.5,0.304,3.8,1.4,90.1,
78,Jr,6,8,80,B.J. Mack,Wofford,SC,72.3,4.3,5.4,114.1,30.8,58.2,61.6,10.3,18.9,19,18.1,2.7,1.3,29.8,155-275,0.564,6,0.429,2.6,0,101.4,
79,So,6,9,81,Graham Ike,Wyoming,MWC,76.2,4.3,2.1,102.2,35.3,50.9,55.4,10.7,24.2,10.4,17.7,1,1.1,47.9,234-454,0.515,0.5,0.111,3.8,0.1,92.9,
80,Fr,7,1,85,Chet Holmgren,Gonzaga,WCC,67.3,4.2,14.1,124.3,21.4,68,69.1,8,28.7,11.4,17.9,11.9,1.6,35.4,129-175,0.737,6.6,0.39,4.8,7,76.3,
81,Jr,6,7,79,Hyunjung Lee,Davidson,A10,81.1,4.2,4.8,115,23.6,57.3,60.5,2.9,19.3,12,12.3,1.1,1.3,31.5,101-173,0.584,11.6,0.376,3.1,-0.2,100.1,
82,Sr,5,9,69,Jacob Gilyard,Richmond,A10,95.7,4.2,6.5,115.1,19.4,51.5,55.7,1.5,9.1,26.7,12.3,0.5,4.5,25.4,62-134,0.463,10.9,0.362,4.2,3.2,96,
83,Fr,6,10,82,Jabari Smith,Auburn,SEC,70.9,4.2,10.1,113.5,26.2,52.2,57.1,3.5,23.4,13.8,14,3.8,2.1,38.5,104-239,0.435,10.7,0.422,4.1,3.1,85.8,
84,Sr,6,10,82,Matthias Tass,Saint Mary's,WCC,72.6,4.2,6.5,118,23.3,56,59.8,9.4,16.9,15.7,14.4,2.4,1.1,33.1,166-284,0.585,1.2,0.111,3.7,2.5,90.9,
85,Sr,6,7,79,E.J. Anosike,Cal St. Fullerton,BW,83.3,4.2,3.1,114.6,25.5,52.5,57.9,11.6,20,11.4,14.2,0.8,1.6,46.9,167-312,0.535,1.7,0.276,2.9,-0.9,101.9,
86,So,6,5,77,Tristen Newton,East Carolina,Amer,86.3,4.2,4.8,106.4,27.9,49.9,57.5,2.7,13,34.4,20.7,1,2.4,45.6,117-235,0.498,8,0.333,3,0.8,102,
87,Sr,6,8,80,Bryson Williams,Texas Tech,B12,63.3,4.2,8.4,119.6,24,58.8,61,7,12.6,9.5,12.3,2.1,1.1,25.7,164-285,0.575,6,0.417,3.4,2.2,88.8,
88,Sr,6,7,79,Jamal Cain,Oakland,Horz,87.1,4.2,3.2,113.9,26.5,53.8,58.7,10.1,23.5,4.6,13.9,1.9,3.1,34.6,184-323,0.57,6.3,0.298,3.7,-0.1,96.5,
89,Jr,6,11,83,Jesse Edwards,Syracuse,ACC,49.7,4.2,7,126.4,18.8,69.1,67.7,10.1,15.8,7.3,13.9,12.4,2.4,61.8,114-165,0.691,0,0,2.8,3.3,97.7,
90,Jr,5,11,71,Tylor Perry,North Texas,CUSA,72.1,4.2,8.1,119.8,23.5,53.1,59,1.4,11.6,20,12.9,0.4,2.9,44.4,47-112,0.42,12.3,0.405,3.7,3,91.7,
91,Sr,6,6,78,Jayden Gardner,Virginia,ACC,81.5,4.2,3.2,108.7,26.9,50.5,54.3,9.1,15.7,11.2,11.3,1.4,1,27.7,216-423,0.511,0.8,0.214,3.4,-0.1,97.1,
92,Sr,6,9,81,Josip Vrankic,Santa Clara,WCC,56.8,4.2,5.4,113.4,25.8,58,61.5,6.4,14.7,19.9,17.4,1.4,2.2,33.6,141-237,0.595,2.8,0.324,3.1,0.9,97.8,
93,Jr,6,5,77,Tevin Brown,Murray St.,OVC,89.7,4.1,7.3,116.7,21.8,54.1,57,1.8,16.1,15.5,13.8,2.1,2.3,27.6,74-152,0.487,13.4,0.382,4.1,2.1,94.4,
94,Sr,6,4,76,Brad Davison,Wisconsin,B10,86.3,4.1,5,114.8,19.8,49.2,55.1,1.2,12.5,12.2,7.4,0,1.5,34.5,61-137,0.445,11.8,0.347,3.9,1.7,95.2,
95,Sr,6,6,78,Keon Ellis,Alabama,SEC,77.1,4.1,8.4,122.1,16.8,55.9,61.4,6.4,14.5,10.2,16.4,1.9,3.4,36.3,55-95,0.579,9.7,0.366,3.5,3.1,94.5,
96,Sr,6,3,75,Garrett Sturtz,Drake,MVC,74.3,4.1,7,130,17.4,60.5,64,8.3,20.5,9.5,10.8,1.3,2.9,38.3,141-224,0.629,1.7,0.276,3.3,2.4,95.1,
97,Jr,6,6,78,Dane Goodwin,Notre Dame,ACC,83.2,4.1,5,119.6,18.1,60,62.1,3.4,13.1,7.9,9.7,0.3,1.2,18.3,103-192,0.536,7.8,0.456,3.4,0.7,98.3,
98,Jr,6,3,75,Santiago Vescovi,Tennessee,SEC,77.4,4.1,9.5,117.1,19.9,55.8,58.9,2.5,13.8,19.7,15,0.9,3.1,26.2,43-98,0.439,13.6,0.403,4.4,4.2,86.7,
99,Fr,6,5,77,Malaki Branham,Ohio St.,B10,73.6,4.1,5,115,23.4,55.4,59.4,3.5,10.5,14.7,15.1,1,1.6,29.8,123-232,0.53,5.9,0.411,2.8,0.4,99.6,
100,Jr,5,11,71,Tyger Campbell,UCLA,P12,74.9,4.1,5.9,119,19.3,52.6,56.5,1.5,7.6,24,12.9,0.4,1.9,25.8,88-189,0.466,6.8,0.413,3.6,1.8,95.1,
101,Jr,6,4,76,Justin Moore,Villanova,BE,81.6,4.1,5.8,109.3,23.3,48.5,51.9,2.3,14,14.2,10.9,1.4,1.8,26.3,101-231,0.437,11.5,0.356,4,1.8,93.5,
102,So,6,1,73,Posh Alexander,St. John's,BE,71.7,4.1,6.8,113.4,23.2,52,55.7,8.5,6,29.3,17.5,0.6,3.9,35.2,140-247,0.567,3.5,0.217,3.3,1.8,97.7,
103,Jr,6,7,79,Jaime Jaquez Jr.,UCLA,P12,72.9,4.1,7.7,113.6,23.8,50,54.4,6.3,15.6,15.1,11.5,1.3,2.3,36.1,154-295,0.522,4.4,0.276,3.8,2.4,91.4,
104,Jr,6,4,76,Cam Spencer,Loyola MD,Pat,92.1,4.1,5.7,115.8,24.3,53.6,57.4,1.8,14.4,19.4,8.7,0.8,3.6,24.6,144-269,0.535,9,0.358,3.3,1.2,101.5,
105,Sr,6,9,81,John Harrar,Penn St.,B10,66.7,4.1,5.7,122.3,21.7,64,65.3,16.9,29.2,10.3,17.7,1,1.2,57.9,126-197,0.64,0,0,3.3,0.9,92,
106,Jr,6,10,82,Isaiah Mobley,USC,P12,79.6,4.1,6.9,111.9,22.6,50.4,53.5,7.5,18.7,18.8,14.4,2.7,1.3,35.6,118-240,0.492,6.6,0.352,4,2.1,93.4,
107,Sr,6,1,73,Eli Brooks,Michigan,B10,90,4,5.3,115.1,17.8,52.4,56.4,1.9,10.3,15,13.4,0.3,1.9,23.3,98-205,0.478,6.9,0.394,3.7,1.8,97.6,
108,Sr,6,6,78,Eli Scott,Loyola Marymount,WCC,88.1,4,1,104.4,28.8,51.8,57,7.8,16.1,19.2,20.3,1.3,1.1,44.3,175-320,0.547,1.9,0.156,2.3,-1.9,108.4,
109,Jr,6,3,75,Adam Flagler,Baylor,B12,69.6,4,7.3,114.6,21.2,54.4,55.9,2.3,6.1,18.3,15.3,0.5,2.1,15.2,81-162,0.5,11.8,0.387,3.6,1.8,93.7,
110,Jr,6,5,77,Antonio Reeves,Illinois St.,MVC,86.4,4,2.4,109.1,26.9,53.8,57.6,1.9,9.8,11.5,14.9,1.4,1.6,28.6,151-294,0.514,9.6,0.385,2.2,-1.7,109.2,
111,Sr,6,1,73,Michael Flowers,Washington St.,P12,80.9,4,6.5,115,22,51.9,55.9,1.7,9.7,22.1,15.3,0.3,2,24.5,68-149,0.456,13.4,0.369,3.5,1.7,95.9,
112,Sr,6,9,81,Paul Atkinson,Notre Dame,ACC,68.5,4,5.6,116.5,24.3,59.1,62,11.4,18.2,13.3,16.2,2.7,1.4,38.5,172-289,0.595,0.1,0,3.1,1.6,94.5,
113,Sr,6,9,81,Andre Kelly,California,P12,49.2,4,5.4,119.2,20.7,61.2,62.5,7.5,24.9,7.2,11.3,1.9,1.1,25.9,120-197,0.609,0.4,0.5,3.3,1.5,95.6,
114,Fr,6,7,79,Norchad Omier,Arkansas St.,SB,74.8,4,7.1,113.7,27.8,61.9,64.7,15.9,32.1,10.6,19.7,6.1,3,50.9,175-283,0.618,0.1,0.5,4,2.3,89.3,
115,Sr,6,5,77,Peter Kiss,Bryant,NEC,77.1,4,3.2,103.5,34.7,50.2,54.5,4.3,12,22.1,18.6,0.8,2.6,32.6,196-371,0.528,9.6,0.296,2.6,-0.8,105.9,
116,Sr,6,7,79,Javon Franklin,South Alabama,SB,70.9,4,6.1,123.9,20.8,65.2,65.3,12.8,20.1,8.2,13.7,5.8,2.8,50.9,146-222,0.658,0.1,0,3.4,1.8,93.9,
117,Jr,5,11,71,Noah Fernandes,Massachusetts,A10,72.7,4,0.4,109.4,25,50.3,54.6,1.6,8.3,32.4,17.8,0.1,2.5,31.5,100-208,0.481,7.7,0.36,1.7,-2.2,113,
118,Jr,6,11,83,Tolu Smith,Mississippi St.,SEC,43.3,4,5.7,112,24.6,57.6,60.1,10.5,17.2,8.4,16.3,1.7,2,62.8,110-191,0.576,0,0,3.2,1.2,94.9,
119,Sr,6,7,79,Abu Kigab,Boise St.,MWC,78.1,4,7.3,110.2,25.3,54.3,57.8,3.4,20.1,17.9,16.3,1.6,2.6,53.7,145-250,0.58,5.7,0.3,4.2,3.5,88.9,
120,Sr,6,3,75,Mike Bothwell,Furman,SC,78.6,4,3.1,115.5,25,54.3,59,4.8,10.7,18.6,15,1.5,2,34.7,118-214,0.551,9.1,0.354,2.5,-0.8,104.1,
121,Jr,6,1,73,Sincere Carry,Kent St.,MAC,93.4,4,4.3,109.4,27,51.1,55,2.4,12.2,28.5,17.1,0.8,2.2,31.1,127-253,0.502,10.5,0.348,3.4,0.3,101,
122,Fr,6,5,77,Gibson Jimerson,Saint Louis,A10,84.8,4,3.6,117.8,19.4,53.6,57.4,1.7,5.8,4.8,8.7,0.1,0.8,26.6,102-222,0.459,10.1,0.414,2.9,-0.4,102.4,
123,So,6,4,76,Ryan Rollins,Toledo,MAC,82.3,4,5.3,111.4,28.2,51.1,55.7,2.4,16.1,20,13.6,0.9,2.9,32.2,180-339,0.531,7.9,0.311,3.5,1.8,96.4,
124,Sr,6,2,74,Josh Jefferson,Middle Tennessee,CUSA,54.6,4,5.6,121.2,23.1,55.7,60.5,3.7,9.8,15,12.1,0.9,2.1,32.4,58-105,0.552,13.7,0.374,2.6,0,101.7,
125,Sr,6,1,73,Holland Woods,Grand Canyon,WAC,76.1,4,4.9,115.3,22.8,50.5,55.4,1.6,6.8,19.7,13.3,0.5,1.6,36.8,78-169,0.462,9.8,0.37,3.2,0.9,99.6,
126,Sr,6,5,77,Andrew Nembhard,Gonzaga,WCC,80.4,3.9,6.7,117.3,19.6,53.4,56.4,1.6,8.7,26.3,16.6,0.4,2.7,17.7,89-177,0.503,7,0.383,4.2,3,89.6,
127,Sr,6,5,77,Kellan Grady,Kentucky,SEC,81.6,3.9,5,125.6,13.4,59.3,60.4,1,6.2,6.2,10.4,0.2,1.4,12.9,47-91,0.516,10.9,0.417,3.3,1.2,97.9,
128,Jr,6,8,80,Hakim Hart,Maryland,B10,77.7,3.9,5.9,127.3,14.2,60.1,64.7,3.1,9.9,11.9,12,1.3,2.9,38.6,78-113,0.69,5.5,0.33,3.2,2.7,98.1,
129,Sr,6,11,83,Nick Muszynski,Belmont,OVC,65.2,3.9,7,116.6,28.3,56.9,60.5,7.3,15.9,20.2,13,7,1.4,37.6,191-317,0.603,2.5,0.189,2.7,1.7,97.7,
130,Sr,6,4,76,Taz Sherman,West Virginia,B12,80.2,3.9,4.6,101.6,27.5,48.5,52.9,1.4,9.4,17.2,16.7,0.5,2.3,30.4,124-269,0.461,10.2,0.346,3.4,0,98.3,
131,Sr,6,6,78,Ron Harper Jr.,Rutgers,B10,84.4,3.9,5.8,111.9,22.8,53,57,4.4,15.7,11.6,12.7,2.2,1.9,31.5,103-216,0.477,9.5,0.398,3.7,1.2,95.6,
132,Fr,6,7,79,"Kenneth Lofton, Jr.",Louisiana Tech,CUSA,68.6,3.9,6.7,107.3,34.4,54.2,57.3,14.1,29.1,24.8,19.4,2.2,2.4,46.9,194-350,0.554,1.3,0.211,3.5,2,90.3,
133,So,6,7,79,Enrique Freeman,Akron,MAC,72.5,3.9,5.2,121.9,23,66.4,66.8,13.2,31.1,11.2,17.5,4.5,1,62.2,160-239,0.669,0.1,0,3.2,1,95.3,
134,Jr,6,10,82,Drew Pember,UNC Asheville,BSth,66.8,3.9,6.5,116.4,27.8,54.6,61.6,7.6,20.6,12.1,14.9,10,1.7,51.5,113-205,0.551,7.2,0.357,2.9,2.3,97.3,
135,Sr,6,1,73,Alfonso Plummer,Illinois,B10,74.8,3.9,3.7,116.6,20.4,55.9,59.6,1.3,7.7,7.1,12.6,0,0.6,24,56-123,0.455,14.3,0.408,3.1,-0.1,97.9,
136,Sr,6,5,77,Jalen Adaway,St. Bonaventure,A10,91.4,3.9,2.4,112.4,19.1,52.5,55.7,3.2,15.2,5.3,8.1,1.4,1.5,21.6,148-290,0.51,5.4,0.376,3.6,0.1,99.6,
137,Sr,6,2,74,Ben Shungu,Vermont,AE,76.9,3.9,6.3,116,26.1,60.7,62.3,2.8,15.3,15.6,13.7,0.9,2.5,25.3,143-240,0.596,9.4,0.417,3.4,1.5,95.5,
138,Sr,6,4,76,Kyler Edwards,Houston,Amer,82.3,3.9,6.6,111.3,21.5,48,50.9,3.1,16.7,16.8,13,1.4,1.9,27.5,66-150,0.44,14.2,0.333,4.7,2.4,87.6,
139,Sr,6,4,76,Matt Bradley,San Diego St.,MWC,78,3.9,7.4,104.1,29.7,50.5,54.9,3.4,16.9,20.6,17.4,0.8,2,34.1,129-283,0.456,8.6,0.401,4.4,2.7,86.3,
140,Sr,6,4,76,Carl Pierre,Rice,CUSA,84.3,3.8,3,118.6,19.7,59.5,61.2,2.9,13.1,10.1,10.1,0.7,1.2,17.1,81-140,0.579,12.6,0.404,2,-1.9,109.9,
141,Sr,6,1,73,Umoja Gibson,Oklahoma,B12,79.1,3.8,5.1,113.1,19.4,56.8,60.5,0.7,7.4,9.8,13.8,0.1,2.5,24.6,58-109,0.532,12.7,0.39,3.5,1.5,95.1,
142,So,7,1,85,Christian Koloko,Arizona,P12,63.2,3.8,9.4,123.6,20.6,63.5,66.1,12.2,18,9.8,16.7,10.3,1.6,47.2,183-285,0.642,0.2,0,3.7,4.6,84.8,
143,Jr,6,5,77,Michael Jones,Davidson,A10,78.7,3.8,4.8,121.7,17.7,58.9,62.9,2.4,11.7,11.4,11.6,1.2,1.9,33,60-115,0.522,9.1,0.426,2.9,0.8,101.1,
144,Fr,6,10,82,DaRon Holmes II,Dayton,A10,76.5,3.8,7.9,120.5,19.3,65.1,64.4,6.5,17.4,9.1,13.4,8.7,0.9,49.6,182-275,0.662,0.4,0.143,3.8,3.6,91.4,
145,Sr,6,3,75,Marcus Hammond,Niagara,MAAC,82.5,3.8,4.1,107.1,28.8,51,56,2.7,14.4,19.7,13.9,0.8,1.4,33,102-216,0.472,11.3,0.371,2.9,-0.4,103.3,
146,Sr,6,8,80,Fabian White Jr.,Houston,Amer,68.8,3.8,8.6,118.5,21.1,55.5,57,9.4,13.9,8.3,12.4,6.7,2.3,20.3,137-247,0.555,7.6,0.371,4,3.3,85.7,
147,Jr,6,7,79,Tyler Burton,Richmond,A10,81.9,3.8,3.8,110.3,24,52.7,58.6,5.4,22.3,6.2,12.4,1.8,2,50.4,130-253,0.514,7.6,0.365,3.6,0.1,96,
148,Jr,6,3,75,Jaden Shackelford,Alabama,SEC,84.9,3.8,3.2,107.8,21.9,49.5,52.9,3.7,13.2,8.1,14.3,0.5,1.4,25.3,77-174,0.443,13.9,0.351,3.2,-0.7,100,
149,Jr,6,4,76,Charles Pride,Bryant,NEC,88,3.8,4.8,115.9,23,50.8,54.5,9,15.3,14,11.5,0.6,2.6,28.9,136-258,0.527,8.9,0.32,2.8,-0.1,104.3,
150,Sr,6,6,78,Darius Lee,Houston Christian,Slnd,77.8,3.8,6,115.1,26.9,54.9,59.6,6.9,22.7,23.5,15.6,0.8,4.4,43.5,145-254,0.571,3.8,0.296,2.4,0.9,105.9,
151,Sr,6,7,79,Jeriah Horne,Tulsa,Amer,84.8,3.8,5.3,109,23.6,53,57.3,4.2,19.9,10.2,14.6,2.6,2.3,29,104-224,0.464,9,0.415,3.3,0.6,99.4,
152,Jr,6,6,78,Marcus Domask,Southern Illinois,MVC,89.7,3.8,5,107,26.1,49,54.2,2.7,16.6,25.4,14.9,1.4,1.5,33.8,117-245,0.478,7,0.345,3.6,0.9,98.4,
153,Sr,6,6,78,Bryce Fowler,Sacramento St.,BSky,84.3,3.8,3.8,105.8,32.8,51.6,54.6,3.2,16.4,32.1,13.7,1.1,2.4,32.5,189-360,0.525,3.7,0.304,2.4,0,107.2,
154,Sr,6,6,78,Tyrese Martin,Connecticut,BE,69.1,3.8,5.4,111.5,21.9,51.6,54,8.1,17.9,12.1,15.7,1.6,1.5,28,101-221,0.457,6.5,0.43,3.7,0.9,93,
155,Sr,6,1,73,Mason Archambault,South Dakota,Sum,83.6,3.8,3,124.4,19.7,54.6,62.9,1.8,10,12.7,11.8,1.5,1.9,50.4,65-136,0.478,8.2,0.41,2.4,0.2,106.9,
156,Fr,6,3,75,Tyty Washington Jr.,Kentucky,SEC,65.9,3.7,6.5,113.3,22.2,50.4,52.8,2.6,10.7,23,14.7,0.7,2.6,19,116-234,0.496,6.6,0.35,3.4,2.6,93.8,
157,Jr,6,8,80,Julian Champagnie,St. John's,BE,82.2,3.7,5.4,105.4,25.5,47.5,50.7,4.1,16.5,11,9.1,3.5,3.1,21.3,156-341,0.457,9.8,0.337,4,1.2,93.3,
158,Jr,6,1,73,Lamar Norman Jr.,Western Michigan,MAC,83.8,3.7,2.3,109.3,27.4,53.6,55.8,1.3,9.3,14.1,12.1,0.1,1.5,17.9,101-190,0.532,15.6,0.359,1.4,-2.7,115.6,
159,Sr,6,9,81,Cole Swider,Syracuse,ACC,84.5,3.7,4,114.6,18.5,55.1,58,4,17.1,7.2,12.5,1.3,1.6,18.4,79-166,0.476,10.2,0.409,3,0.1,101.9,
160,Jr,6,7,79,Jordan Miller,Miami FL,ACC,74.6,3.7,4.9,122.3,15.9,59.7,61.3,8.4,15.2,6.8,10.4,2,3.4,26,128-197,0.65,3.5,0.292,3.3,1.5,96,
161,So,6,1,73,RJ Davis,North Carolina,ACC,84.1,3.7,4.3,111.7,20.3,50.4,55,1.9,11.7,19.5,15.7,0.6,1.7,30.1,112-239,0.469,7.8,0.367,3.7,2.1,95.8,
162,Sr,6,6,78,Timmy Allen,Texas,B12,71.9,3.7,7,110.1,24.4,50.3,55.3,10.9,16.2,16.1,16.5,1.6,2.7,48,146-287,0.509,0.9,0.267,4,2.8,87.7,
163,Sr,6,5,77,Javante McCoy,Boston University,Pat,84.4,3.7,1.9,111.1,26.4,55.3,57,1.6,12.7,18.9,15.5,0.6,1.8,18,177-337,0.525,7.4,0.414,2,-1.4,109.9,
164,Jr,6,5,77,Anthony Holland,Fresno St.,MWC,71.6,3.7,5.7,126,14.1,57.2,60.6,5.5,17.4,9.1,8.9,0.5,1.9,29.8,47-94,0.5,7.2,0.421,3.9,2.5,93.5,
165,Jr,6,9,81,Josh Oduro,George Mason,A10,69.6,3.7,4.8,105,30.3,54.9,58.1,8.4,19.8,13.5,18,6.9,2,41.9,168-296,0.568,3.4,0.292,3.6,2.3,93.9,
166,Sr,6,7,79,Douglas Wilson,South Dakota St.,Sum,61.8,3.7,2.4,114.3,32,56.6,60,12,13.3,12.1,14.5,2.5,2.1,59.5,193-341,0.566,0.3,0.4,2.2,-0.7,102.5,
167,Jr,6,2,74,Kevion Nolan,Jacksonville,ASun,71.7,3.7,7.4,116,23.9,48.3,52.8,1.6,12.7,28,11.4,0.9,2.6,22.5,42-114,0.368,14.4,0.371,3.4,1.8,98.1,
168,Sr,6,6,78,Jalyn Hinton,Southeastern Louisia,Slnd,80.2,3.7,4.3,122.9,19.4,62.4,66.5,9,20.4,15.6,17.3,7.5,1.9,66.2,146-232,0.629,0.1,0,2.4,0.9,106.8,
169,So,6,10,82,PJ Hall,Clemson,ACC,62.2,3.7,5.2,108.3,29,52.6,56.2,7.7,17.3,13.7,13.5,5.7,1.2,28.9,155-285,0.544,5.7,0.308,3,1.1,95.6,
170,Sr,6,7,79,Jules Bernard,UCLA,P12,73.8,3.7,6.3,115.3,20.7,49.9,55,3.1,15.4,10.6,9.4,0.8,1.9,34.5,91-185,0.492,9.5,0.337,3.6,1.9,92.4,
171,So,6,3,75,Jordan Dingle,Penn,Ivy,73.3,3.7,1.5,102.2,33.7,51.9,55.1,2.4,10.5,17.4,16.2,0.1,1.5,22.5,132-248,0.532,13.8,0.335,1.8,-3.3,111.3,
172,Sr,6,4,76,Jalen Pickett,Penn St.,B10,92,3.7,4.7,107,22.6,48.2,50.2,2,11.8,26,13.5,1.9,1.9,15.4,114-236,0.483,8.2,0.32,4,2.1,96.1,
173,Jr,6,2,74,Dae Dae Grant,Miami OH,MAC,84.4,3.7,2,108.9,27.8,49.1,53,3.2,13,24.1,12.1,0.3,1.6,21.9,121-256,0.473,11,0.344,1.8,-2.2,112.5,
174,Sr,6,5,77,Sasha Stefanovic,Purdue,B10,75.3,3.7,4.1,122.4,16.3,53.9,57.9,0.7,8.4,16.9,13.6,0.7,0.7,25.3,29-67,0.433,12.1,0.38,2.7,0.1,101.3,
175,Sr,6,1,73,James Akinjo,Baylor,B12,77.2,3.7,5.2,103.8,25.4,43.7,49.1,1.4,8.7,31.1,20.4,0.1,3.6,29.8,107-247,0.433,7.6,0.295,4.3,2.5,89.9,
176,So,6,8,80,Eric Dixon,Villanova,BE,62.9,3.7,5.8,119,21.3,53.1,57.5,15.7,14.7,10.9,16.1,2.3,1.8,32.4,112-224,0.5,2.3,0.486,3.1,1.4,92.1,
177,Sr,6,5,77,Quenton Jackson,Texas A&M,SEC,65.8,3.7,8.3,111.1,26.6,54.5,61.1,2.2,13.2,16.6,19.9,2,3.8,52.9,140-252,0.556,7.1,0.349,3.4,3.5,90.3,
178,Sr,6,10,82,Pete Nance,Northwestern,B10,65.5,3.7,8.6,113.4,25.3,56,58.4,4.3,22.9,22.1,12.7,5,0.7,23.4,119-233,0.511,6.7,0.457,3,2.3,95,
179,Sr,6,5,77,Michael Devoe,Georgia Tech,ACC,82.7,3.7,5.2,103.4,27.1,53.8,56.3,2.4,14.1,19.8,17.4,1.3,2.3,26.9,127-236,0.538,10.4,0.359,3.6,0.9,97.4,
180,Jr,6,1,73,Jaelen House,New Mexico,MWC,80.8,3.7,3.1,102.3,29.7,47.2,54.7,1.7,11.3,29.2,19.7,1,3.8,40.7,118-249,0.474,8.3,0.313,2.9,0.8,102,
181,Sr,5,11,71,Alex Hunter,Furman,SC,78.9,3.7,3.6,121.6,18.9,58.6,59.3,1.3,8.4,17.9,9.4,0.2,2.2,9.7,46-88,0.523,15,0.405,2.4,-0.8,105.3,
182,So,6,8,80,Kevin Cross,Tulane,Amer,66.7,3.7,5.9,108,27.6,53.6,58.4,4,23.1,29,17.9,4.1,1.8,40.9,136-247,0.551,2.4,0.281,3,2.3,95.8,
183,Sr,6,7,79,Keshawn Justice,Santa Clara,WCC,85,3.7,4.5,117.2,17.3,53.9,57.6,1.6,19.5,11.1,8.1,1.2,1.1,21.7,66-155,0.426,9.1,0.423,3.3,0.4,99.5,
184,Jr,6,6,78,Ryan Moffatt,Colgate,Pat,77.7,3.6,3.5,135.4,13.6,64.3,65.9,4.4,13.3,12.9,8.2,0.1,1.9,30.9,61-102,0.598,6.7,0.455,2.4,0.3,104.9,
185,Sr,6,5,77,Jose Perez,Manhattan,MAAC,82.9,3.6,0.5,101.2,33.2,43.2,51.2,2.6,9.2,31.2,17.3,1.4,1.3,51,147-330,0.445,6.6,0.261,1.8,-2.7,112.1,
186,Sr,6,10,82,Osun Osunniyi,St. Bonaventure,A10,73.9,3.6,6,117.8,19,61.5,62.2,10.7,18.6,9.9,15.9,12.1,1,30.8,154-251,0.614,0.1,0.5,3.5,3,94.1,
187,So,6,8,80,Jalen Wilson,Kansas,B12,67.2,3.6,6.9,112.6,19.2,50.8,54.4,6.6,21.3,10.8,13.3,1.4,1.7,35.6,119-209,0.569,6,0.263,3.9,2.9,88.4,
188,So,6,11,83,Fardaws Aimaq,Utah Valley,WAC,85.4,3.6,4.2,104.5,28.7,49.9,54.2,10.4,31.6,12.5,16.7,4,1.1,43.1,184-384,0.479,2.5,0.444,4.4,1.1,90.2,
189,Jr,6,6,78,Linton Acliese III,Eastern Washington,BSky,68.1,3.6,2.5,119.1,23.5,58.3,61.7,8.5,19.1,9.4,11.3,1.3,0.8,24.6,139-231,0.602,7.6,0.364,2,-1.9,108.6,
190,Sr,6,7,79,Jermaine Samuels,Villanova,BE,73.8,3.6,5.7,113,21.1,51.7,56.3,8.2,17.7,10.3,15.5,2.9,1.7,38.6,120-211,0.569,5.9,0.276,3.7,2.3,90.9,
191,Sr,6,2,74,Rudi Williams,Coastal Carolina,SB,76.6,3.6,5.3,112.7,24.5,58.4,60.7,3.1,11.7,21.8,19.4,0.6,2.6,32.8,110-211,0.521,7,0.472,2.9,1.2,99.9,
192,So,6,6,78,Noah Carter,Northern Iowa,MVC,65.7,3.6,4.1,111,28.1,53,57.4,2.7,16,16.3,11.2,1.8,1.4,35.7,129-217,0.594,9.1,0.281,2.3,-0.2,102.6,
193,Sr,6,3,75,Riley Miller,St. Thomas,Sum,80.8,3.6,1,119.9,21.7,56.8,61.6,1.2,10,12.9,10.1,0.3,1.2,28.7,30-62,0.484,15.8,0.394,0.7,-3.4,120.9,
194,Sr,6,3,75,Dylan Penn,Bellarmine,ASun,87.6,3.6,0.5,101.8,31.7,50.4,52.7,2.8,11.8,31.5,17.2,1.8,1.9,20.6,196-373,0.525,3.4,0.236,2.1,-1.7,109.8,
195,So,7,1,85,Walker Kessler,Auburn,SEC,63,3.6,13.2,122.6,19,62.7,62.7,10.9,22.1,7,12.9,18.8,2.4,33.2,153-218,0.702,3.2,0.2,4.3,7.4,78.7,
196,Fr,6,1,73,Kennedy Chandler,Tennessee,SEC,74.3,3.6,8,106.1,25.2,52.7,53.9,2.5,9.7,32.4,18.8,0.9,4.1,25.3,133-264,0.504,7.1,0.383,4.4,4.3,86.2,
197,Sr,6,4,76,Koby McEwen,Weber St.,BSky,87.3,3.6,1.8,111.2,26,53,59.9,2.6,11.7,12.6,14.7,1,2.1,52.2,104-194,0.536,9.9,0.349,2.8,-0.4,104.2,
198,Sr,6,10,82,Trevion Williams,Purdue,B10,49.8,3.6,11.1,112.3,33.8,55.4,56.5,14.4,28.7,34,18.7,3.5,2.8,37.2,177-319,0.555,1.1,0.357,2.7,4,88,
199,Jr,6,7,79,Davonte Gaines,George Mason,A10,80.7,3.6,3.6,123,16,55.5,60.8,8.2,21.1,9.5,11.8,1.6,1.3,56.8,49-95,0.516,6.3,0.394,3.3,1,98.3,
200,Sr,6,5,77,Donald Carey,Georgetown,BE,76.5,3.6,3.7,111.7,19.2,53.5,58.3,2.1,12.5,17.1,18.9,0.7,2.6,27.1,58-123,0.472,9.8,0.388,2.6,0.4,105,
201,So,6,1,73,Dayvion McKnight,Western Kentucky,CUSA,91.4,3.6,1.3,103.6,27.8,48.5,53.5,4.6,11.3,28.5,19.4,0,3,37.4,175-363,0.482,2,0.342,3.1,-0.3,102.6,
202,Sr,6,7,79,D'Shawn Schwartz,George Mason,A10,87.7,3.6,3,111.4,21.4,56.1,57.8,3.3,11.7,12.7,12.6,1.2,0.9,18.3,94-172,0.547,11.2,0.382,3,-0.4,102.9,
203,Sr,6,1,73,Shawn Williams,Arkansas Pine Bluff,SWAC,76.9,3.6,-0.5,108.2,24.9,53,57.3,1.1,6.8,23.7,15.9,0,1.8,22.8,64-136,0.471,13.7,0.379,0.6,-4.5,122.4,
204,Sr,6,4,76,Izaiah Brockington,Iowa St.,B12,85.7,3.6,5.2,101.7,26,48.1,52,5.7,19,11.1,13.4,0.9,2.3,27.4,191-409,0.467,4.6,0.362,4.8,2,87.4,
205,So,6,8,80,Henry Coleman III,Texas A&M,SEC,65.1,3.6,5.6,120,19.2,56.8,59.9,11,15.7,4.9,11.6,1.8,2.8,56.1,159-277,0.574,0.2,0,3.4,1.8,91.2,
206,So,6,7,79,Jamison Battle,Minnesota,B10,87.9,3.6,2.9,104.2,23.8,54.1,56.3,1,19.4,6,9.4,1.2,0.6,19.1,111-208,0.534,11.8,0.366,3.4,-0.9,100.5,
207,Sr,6,2,74,Tommy Kuhse,Saint Mary's,WCC,75.5,3.6,6.4,111.2,23,56.8,58.8,2.2,13.6,24.8,18.9,0.6,2,16.1,111-216,0.514,6.6,0.453,3.8,2.4,91.3,
208,So,6,4,76,Zyon Pullin,UC Riverside,BW,83.6,3.6,2.6,107.6,25,50.4,56.8,1.4,17.6,26.4,16.8,0,1.3,53.8,111-219,0.507,3,0.326,3.2,0.3,100.5,
209,Jr,5,11,71,Jovan Blacksher Jr.,Grand Canyon,WAC,84.4,3.6,5,108.3,25.2,48.2,51,1.2,8,25.1,13.9,0.2,2.7,22.7,110-264,0.417,8.8,0.4,3.6,1.9,96.5,
210,So,6,3,75,Isaiah Wong,Miami FL,ACC,84.4,3.6,1.9,106.2,23.5,50.4,54,2.3,12.9,11.6,10.4,1,1.6,30.3,159-299,0.532,7.5,0.302,3.1,-0.7,101.2,
211,Sr,6,9,81,Hunter Marks,Hartford,AE,48,3.6,1.7,125.7,17.3,63.6,68.6,5.2,11,13.8,17.3,4.5,1,53.5,52-82,0.634,4.5,0.426,1.7,-1.2,112.4,
212,Sr,6,2,74,Trent Frazier,Illinois,B10,80.8,3.6,4.6,112,18.4,50,53.5,1.8,7.1,21.9,16.5,0.4,2.2,21.6,58-113,0.513,10.6,0.328,4,2.5,93.8,
213,Sr,6,5,77,George Papas,Monmouth,MAAC,87,3.6,5.4,112.8,21.3,50.9,56.2,1.4,15.9,18.4,13.4,1.8,2.4,31.9,45-100,0.45,14.6,0.353,3.4,1.2,99.4,
214,Jr,6,6,78,Ben Sheppard,Belmont,OVC,78.2,3.6,3.2,115.2,22.2,58.9,61,3.2,11.1,9.9,11.2,0.7,2.3,29.6,114-183,0.623,10.7,0.37,2.9,-0.3,100.8,
215,So,6,1,73,Justice Hill,Murray St.,OVC,79.8,3.6,3.7,113.7,23.1,50.8,53.4,1.4,7.1,28.5,15.6,0.5,2,22.8,91-189,0.481,10.1,0.359,3.1,0.3,99.3,
216,Jr,6,9,81,Grant Basile,Wright St.,Horz,82,3.6,3.2,108.5,28.7,53.4,57.5,9.2,20.6,13.2,18.1,5,1.6,33.8,202-351,0.575,6.8,0.285,2.9,0,101.5,
217,Sr,6,1,73,Conley Garrison,Furman,SC,74.9,3.5,4.7,129.8,14.4,62.8,64.1,5.7,10.3,13.7,12.6,1.1,2.6,16,34-55,0.618,9.9,0.421,2.6,0.4,103.1,
218,Sr,6,6,78,Alex Morales,Wagner,NEC,81.2,3.5,6.5,110.5,27.4,50.6,54.6,7.7,19.9,23,15.6,1.6,2.9,36.5,137-273,0.502,4.9,0.347,3.6,1.4,96.3,
219,Sr,6,9,81,Ty Flowers,LIU Brooklyn,NEC,83.7,3.5,6.5,110.6,25,54.5,56.7,6.5,16,19.5,15,4.9,2.1,20.3,108-211,0.512,12.2,0.385,2.9,0.4,103.4,
220,Sr,6,7,79,Darius Days,LSU,SEC,71.8,3.5,6.9,112.7,21.1,52.5,54.5,7.8,21.7,6.2,11.5,1.3,3,21.2,95-181,0.525,11.4,0.35,4.5,2.4,83.2,
221,So,6,1,73,Trey Bonham,VMI,SC,65,3.5,1,112.5,27.1,52.3,58.4,3.5,13.8,28.5,17.4,0.5,2.7,44.4,97-181,0.536,6.5,0.329,2,-0.7,107.2,
222,So,6,6,78,Colby Jones,Xavier,BE,80.2,3.5,5.5,110.6,19.9,51.9,55.6,8.3,16.5,17.9,17.1,1.7,2.7,49.7,122-224,0.545,3.6,0.292,3.8,2,93.8,
223,Fr,6,4,76,Terquavion Smith,North Carolina St.,ACC,77.5,3.5,4.5,106.4,26.1,50.2,52.1,3,12.2,14.2,12.3,1.5,2.4,18.8,86-197,0.437,15.2,0.368,2.5,-0.5,104,
224,Jr,6,7,79,Johnny Juzang,UCLA,P12,66.9,3.5,3.9,105.7,25.2,48.7,51.9,2.7,15,11.5,11.8,0.5,1.4,19.1,134-289,0.464,7.9,0.36,3.7,0.7,93.3,
225,Jr,6,4,76,Jarod Lucas,Oregon St.,P12,83,3.5,1.1,112.2,18.8,52.6,56.9,2,6.2,7.1,10.5,0,1.4,25.9,63-139,0.453,10.6,0.386,1.6,-2.4,113.5,
226,Sr,6,7,79,Jalen Slawson,Furman,SC,75.9,3.5,6.8,110.6,26.5,53.4,57.6,5.4,24.1,23.6,18.9,6.5,3.3,33.8,131-225,0.582,7.8,0.3,3.5,3.4,93.8,
227,So,6,7,79,Julian Strawther,Gonzaga,WCC,66.9,3.5,5.9,123.3,17.6,59.6,61.4,5.8,14.3,5.5,9.3,0.6,1.1,28.3,81-124,0.653,9.3,0.365,3.4,1.3,90.5,
228,Fr,6,10,82,Johni Broome,Morehead St.,OVC,72.7,3.5,7.8,106.9,30.5,54.9,56.7,13.1,27.2,11.4,16,13.4,1.6,29.5,229-412,0.556,0.3,0,4.1,3.8,87.3,
229,Sr,6,8,80,Jimmy Boeheim,Syracuse,ACC,84.8,3.5,2.3,109.8,20.3,51.2,53,6.4,13.2,8.7,10.8,0.3,1.5,26.6,140-284,0.493,4.9,0.379,2.7,-0.8,104.6,
230,Sr,6,11,83,Braelen Bridges,Georgia,SEC,72,3.5,2.1,111.3,21.8,63.4,66,7.5,15.3,15.4,22.5,1.5,0.7,48.8,161-254,0.634,0,0,1.7,-1.2,110,
231,Sr,6,7,79,Jayden Martinez,New Hampshire,AE,88.2,3.5,1,116.3,21.4,53.8,55.3,6,12.4,9.2,7.5,1.5,0.6,21,91-186,0.489,8.9,0.406,1.9,-2.3,112.1,
232,Sr,6,6,78,Jaylen Sims,UNC Wilmington,CAA,85.8,3.5,2.8,108.1,26.1,45.3,52.8,3.7,15.8,15.1,12,0.7,2.1,47.3,114-278,0.41,8.4,0.349,2.9,-0.7,103.2,
233,Sr,6,5,77,Jeenathan Williams,Buffalo,MAC,80.4,3.5,4.8,108.5,27,54.4,55.9,3.7,12.8,17.3,18.5,2.3,2.3,20,148-298,0.497,7.8,0.437,2.9,0.3,102.6,
234,Fr,6,7,79,Tyson Degenhart,Boise St.,MWC,69.7,3.5,5.9,123.7,16.1,57.8,60.4,6.4,11.2,6.4,10,2.3,1.6,26.7,76-140,0.543,6.6,0.417,3.3,2.1,93.1,
235,Sr,6,5,77,Kyle Foster,Howard,MEAC,75.3,3.5,4.9,119.5,20.7,61.7,64.2,1.3,14.4,9.8,13.2,1.4,1.7,29.3,33-77,0.429,14.8,0.457,2.2,-0.6,106.6,
236,Sr,6,10,82,Tanner Groves,Oklahoma,B12,59.9,3.5,5.6,112.6,23.3,61,62.6,6.7,22.4,14.8,18.3,1.8,0.9,24.7,108-170,0.635,8,0.381,3,1.4,92.5,
237,So,6,9,81,Adama Sanogo,Connecticut,BE,63,3.5,3.6,105.3,27.3,50.4,53,13.8,19.8,7.7,17.6,6.8,1.8,28.7,179-354,0.506,0.1,0,3.8,1.3,89.2,
238,So,6,5,77,Jaylen Forbes,Tulane,Amer,89.5,3.5,2.6,105.2,22.5,54.1,58.4,2.3,14.3,8.3,14.9,0.5,2.1,39.1,74-151,0.49,10.7,0.387,3.3,-0.5,100.9,
239,Sr,6,1,73,Rich Kelly,Massachusetts,A10,77.2,3.5,0,115.3,19.5,56.9,60.8,1.1,6.1,19.9,17.9,0.1,1.2,33.6,65-142,0.458,8.2,0.454,1.1,-3,117,
240,Sr,6,3,75,Adrian Delph,Appalachian St.,SB,93.3,3.5,4.5,104.4,26,51.9,54.6,1.8,17,12.6,13.5,1.2,1.8,21.2,98-226,0.434,13.5,0.396,3.6,0.4,99.5,
241,Sr,5,9,69,Mason Harrell,Texas St.,SB,74.1,3.5,2.3,118.1,20.3,53.2,59,1.1,7.4,20.3,14.2,0,2,40.7,73-142,0.514,5.9,0.378,2.2,-0.2,106.5,
242,Sr,6,4,76,Lucas Williamson,Loyola Chicago,MVC,79.8,3.5,6.4,110.4,23.3,55,58.3,3,15.8,18.8,16.6,1.1,2.6,38.8,69-136,0.507,10.9,0.387,4.1,2.6,90.5,
243,Sr,6,5,77,Marcus Weathers,SMU,Amer,70,3.5,4.6,113.2,22.9,54.3,58,8.6,19.1,13.6,14.4,2.2,1.1,44.3,130-234,0.556,4.1,0.333,3.3,1.3,92.9,
244,Fr,6,7,79,Tucker DeVries,Drake,MVC,73.4,3.5,5.5,113,24.2,51,54.3,4.6,14.3,13.9,11.3,3.2,2,24.4,96-189,0.508,12.2,0.341,3,1.1,98,
245,Jr,6,7,79,Spencer Jones,Stanford,P12,64.4,3.5,6.4,115.6,20.7,58.2,59.8,7.4,12.7,9.7,15.7,2.6,2,18.1,74-122,0.607,11.9,0.376,2.8,1.3,97.6,
246,Fr,6,6,78,AJ Griffin,Duke,ACC,60.6,3.5,7.5,127.2,16.9,61.3,63,3.8,13.5,6.8,9.1,2.2,1.2,17.9,75-137,0.547,9.8,0.447,2.6,0.9,96,
247,Sr,6,5,77,Hayden Brown,The Citadel,SC,78.5,3.4,2.2,106.8,28.5,54.9,56.8,7.3,24.1,14.2,14.1,0.6,1.8,45.9,155-261,0.594,6.9,0.294,2.7,-0.8,103.6,
248,Sr,6,2,74,JD Notae,Arkansas,SEC,80.1,3.4,6.8,98.4,29.9,45.8,49.8,1.8,13.5,24.6,16.2,2.4,3.8,26.3,159-340,0.468,11.6,0.297,4.6,3.6,87.1,
249,Sr,5,11,71,Fatts Russell,Maryland,B10,80.8,3.4,3.1,102.7,26.8,46.9,52.4,1.6,12.7,24.9,16.7,0.5,2.4,38.2,114-258,0.442,7.5,0.348,3.3,0.7,98.3,
250,So,6,1,73,Jamal Shead,Houston,Amer,76.6,3.4,5.7,111.1,21.2,45.7,49.5,2.1,9,33.3,18.6,1,3.2,23.4,104-225,0.462,6.3,0.298,4.2,3.4,88.4,
251,Sr,6,9,81,Yauhen Massalski,San Francisco,WCC,63.8,3.4,6.5,109.7,26,59.7,58.9,14.3,24.8,11.7,19.1,8.1,1.1,40.6,175-289,0.606,0.6,0.222,3.7,2.9,88.4,
252,So,5,10,70,Darrion Trammell,Seattle,WAC,84.3,3.4,6.1,105.8,28.4,46.4,54.1,1.6,11,31.8,17.4,0.4,4.2,49.5,105-240,0.438,8.5,0.338,4,3.3,92.9,
253,Sr,6,10,82,David McCormack,Kansas,B12,54.1,3.4,5.8,112.8,25.8,50.8,56.9,17,19.1,7.7,16.6,3.9,1.6,55.6,150-293,0.512,0.1,0,2.9,1.6,88.4,
254,Sr,5,10,70,Evan Gilyard II,UMKC,Sum,80.7,3.4,1.9,108.9,29.5,53.3,57.9,1.7,4.5,22.7,15,0.1,1.7,35.6,97-207,0.469,10.4,0.413,2.2,-1.9,108,
255,Sr,6,11,83,Josh Carlton,Houston,Amer,53.7,3.4,6.8,116.6,26.1,62.8,62.4,17.2,15.5,8,17.6,7.3,1.3,49,178-285,0.625,0.1,1,3,2,86.6,
256,Sr,6,1,73,DeVante' Jones,Michigan,B10,69.9,3.4,4.7,110.1,22.1,51.3,55.1,4.6,14.1,29.5,20.1,0.4,1.9,28.3,99-193,0.513,5,0.342,3.1,1.6,96.3,
257,Sr,5,11,71,Montre Gipson,Tarleton St.,WAC,92.4,3.4,2.6,105.1,24.5,46.2,50.7,5.7,11,21.5,12.9,0.4,2.3,28.7,112-243,0.461,7.3,0.309,3,-0.3,103.7,
258,So,6,1,73,Jordan King,East Tennessee St.,SC,82.7,3.4,1.8,114.2,21.2,59.1,60.5,1.3,10.1,13.4,16.7,0.3,1.3,15.5,61-127,0.48,13.1,0.437,1.8,-2,111.8,
259,So,6,2,74,Mike Miles Jr.,TCU,B12,75.5,3.4,3.1,99,27,43.1,48.1,0.9,11.2,24.2,18.5,0.7,2.2,32.9,120-281,0.427,8.4,0.293,4,1.6,92.3,
260,Sr,6,3,75,Rasir Bolton,Gonzaga,WCC,68.2,3.4,5.5,123.3,16.5,63.3,65.6,1.1,7.6,12.2,15.4,0.1,1.1,24.5,59-106,0.557,8.6,0.46,3.2,1.5,93.5,
261,Jr,6,4,76,Tykei Greene,Stony Brook,AE,77.1,3.4,2.8,116.9,22.1,57.7,59.3,10.1,19.1,6.9,12.9,1.6,2.6,40.3,112-203,0.552,5.7,0.422,2.2,-1.3,106.8,
262,Sr,6,3,75,Sean McNeil,West Virginia,B12,81.6,3.4,3.1,110.7,17.2,50.2,54.2,1.2,7.9,8.8,10.7,0.3,1.2,23.1,77-169,0.456,8.4,0.368,3.1,0,100.5,
263,Sr,6,1,73,Ty Gordon,Nicholls St.,Slnd,75.9,3.4,1.5,106.3,28.1,53.1,54.3,1.9,7.5,16.5,14.9,0,2.1,15,105-189,0.556,16.1,0.342,2.5,-1.7,106.6,
264,Jr,7,1,85,Neal Quinn,Lafayette,Pat,73.3,3.3,4.3,111.7,28.6,54.1,57.3,9.4,19.5,31,15.7,5.1,2,39.2,167-309,0.54,0.4,0.4,2.1,0.4,107.2,
265,So,6,2,74,Marques Warrick,Northern Kentucky,Horz,78.4,3.3,3.1,110.5,27.3,50.2,54,2.9,8,15.9,14.2,0.4,2,25.1,107-229,0.467,13,0.361,2.2,-1.1,106.9,
266,Jr,6,4,76,Nicolas Timberlake,Towson,CAA,82.7,3.3,3.2,113.8,20.7,54.1,57.5,1.9,14,11.6,15.6,0.8,1.5,26.6,88-187,0.471,10.3,0.406,3.1,0,100.5,
267,Sr,6,7,79,Savion Flagg,Sam Houston St.,WAC,84.8,3.3,4.9,100.7,30.2,50.4,51,7.1,21.1,16.5,14.7,1.3,1.7,27.5,140-286,0.49,11.5,0.351,3.5,0.1,97.6,
268,Sr,6,6,78,Vince Williams Jr.,VCU,A10,75.7,3.3,8.7,108.2,22.5,59.1,62.9,3.5,17.7,19.6,23,3.8,2.9,35.5,72-119,0.605,10.1,0.387,4.8,4.3,84.6,
269,Fr,6,7,79,Justin Lewis,Marquette,BE,79.8,3.3,4.1,101.9,26.1,50.6,53.9,4.2,21.6,11,12.9,2,1.9,26.4,137-277,0.495,9.1,0.349,3.9,0.7,92.1,
270,Sr,6,5,77,Drake Jeffries,Wyoming,MWC,90.4,3.3,5.2,124.7,11.3,60.3,62.8,2.1,14.5,3.4,8.8,1.6,0.9,23.2,13-16,0.813,10.6,0.392,3.8,1.8,96.8,
271,Sr,6,8,80,Evan Battey,Colorado,P12,70.8,3.3,4.8,115.6,20.1,57.2,59.9,6.7,12.2,9.1,14,2,1.2,29.1,108-213,0.507,5.4,0.488,3,1.3,96.6,
272,Sr,6,4,76,Mark Smith,Kansas St.,B12,78.7,3.3,4.2,105.5,22.1,51.2,55.2,6.2,24.9,11.8,15.9,0.1,2,43.1,94-190,0.495,6.3,0.362,3.8,1.2,92.4,
273,Jr,6,1,73,Joseph Girard III,Syracuse,ACC,83.6,3.3,2.8,105.7,22.5,51.7,56.1,1.1,7.8,21.7,21.2,0.1,2.8,25.8,53-141,0.376,11.4,0.405,2.7,-0.3,104.5,
274,Sr,6,10,82,Sam Waardenburg,Miami FL,ACC,71.3,3.3,5,122.4,13.9,63.4,64.8,4,13,12.2,14.9,5,1.6,32.3,64-100,0.64,5.5,0.418,2.9,1.9,99.4,
275,Sr,5,11,71,Charlie Moore,Miami FL,ACC,80.9,3.3,3.3,106.1,22.7,52.3,54.5,1.2,8.6,26.3,16.7,0.6,3.6,19.7,113-223,0.507,8,0.364,3.2,1.3,98.6,
276,Sr,6,7,79,Noah Kirkwood,Harvard,Ivy,81.5,3.3,5.1,106.1,28.4,54.4,56.8,3,17.8,22,17.4,1.5,3.1,19.6,117-213,0.549,9,0.356,3.2,1.7,99.1,
277,Sr,6,4,76,Ethan Wright,Princeton,Ivy,82.1,3.3,2.9,115.1,20.9,59.7,60.6,3.9,21.3,9.2,13.4,0.8,1.9,15.1,95-155,0.613,10.6,0.388,2.7,-0.5,103.5,
278,Sr,6,1,73,Patrick Good,Winthrop,BSth,60.3,3.3,5.8,127,17.5,65.3,67.8,1.3,14,5.4,10.8,0,2.8,33.5,19-28,0.679,14.6,0.433,2.2,0.4,103,
279,So,6,9,81,Jabari Walker,Colorado,P12,69.8,3.3,4.7,106.7,27,51.3,57,8.9,29.3,10,17.8,2.6,1.5,46.7,124-243,0.51,6.6,0.346,3.7,1.4,89.7,
280,Jr,6,2,74,Tyrece Radford,Texas A&M,SEC,75.2,3.3,5.9,115.9,17.6,55.9,57.5,8.4,15.2,9.6,14.3,1.2,2.2,21.9,120-223,0.538,5.7,0.4,3.6,1.5,93.3,
281,Fr,6,11,83,Azuolas Tubelis,Arizona,P12,59.3,3.3,6.7,110.3,26.7,55.2,57.7,9.5,16.8,17.3,17.9,2.7,2.4,40.1,185-324,0.571,2.4,0.263,3.4,2.4,87.6,
282,Sr,6,4,76,David Azore,UT Arlington,SB,78.2,3.3,0.5,98.6,30.9,44.8,52.6,0.8,13.9,13.4,17,0.4,1.5,46,124-283,0.438,7.5,0.315,2.6,-1.5,105,
283,So,6,4,76,Caleb Love,North Carolina,ACC,84.6,3.3,2.6,101.5,25.4,45.8,51.2,0.7,10,19.5,17.9,0.7,1.6,28.7,105-276,0.38,11.1,0.36,3.6,0.8,96.6,
284,Jr,6,7,79,Setric Millner Jr.,Toledo,MAC,82.7,3.3,3,114.9,21,54.5,57.5,4.9,13.6,10.8,12.9,1.5,1,26.3,135-253,0.534,6.6,0.378,2.9,-0.3,101.7,
285,Sr,6,1,73,Jordan Bohannon,Iowa,B10,66.8,3.3,3.7,121.6,17.1,54.1,59.2,0.6,4.9,10.8,11,0,1.6,30.9,21-53,0.396,14,0.382,2.3,-0.1,102.1,
286,Sr,6,10,82,Nate Watson,Providence,BE,68.8,3.2,2.5,110.2,23,54.8,55.9,7.7,13.1,4.5,10.2,2.8,0.7,40,181-330,0.548,0,0,2.9,0.4,96.6,
287,Jr,6,1,73,Xavier Castaneda,Akron,MAC,81.4,3.2,2.9,113.3,22.2,50.3,55.9,2.7,11.1,15.6,12.9,0.4,1.8,38.2,64-142,0.451,11.2,0.362,2.7,-0.3,103.9,
288,Jr,6,7,79,Charles Thompson,Towson,CAA,66.6,3.2,5.6,121.3,19.7,60.4,61.2,12,18,10.2,14.5,7.4,1.5,33.1,157-259,0.606,0.1,0,2.9,1.9,95.6,
289,Sr,6,7,79,Ryan Hawkins,Creighton,BE,86.4,3.2,5,107.4,20,53.5,55.9,5.6,17.8,8.8,15.6,1,1.5,17.6,96-180,0.533,10.5,0.358,4.3,1.9,91.5,
290,Sr,6,6,78,Jacob Grandison,Illinois,B10,56.5,3.2,6.3,119.9,18.4,57.8,59.8,5.1,12,17.9,15.9,0.6,0.8,15.2,47-90,0.522,10.5,0.41,2.7,1.6,95.5,
291,Sr,6,2,74,Joe Quintana,Loyola Marymount,WCC,81.7,3.2,1.7,113.9,18.4,54.2,59.2,1,11.2,10.5,13.2,0.4,1.9,28.1,27-79,0.342,11.8,0.418,2.1,-0.9,108.5,
292,Sr,6,8,80,Taylor Funk,Saint Joseph's,A10,82.5,3.2,4.3,112.9,17.9,53.8,57.7,4.6,15.8,9.8,13.7,0.9,1.4,24,41-84,0.488,11.9,0.373,3.4,0.9,99.7,
293,Sr,6,2,74,Matt Johnson II,Northern Colorado,BSky,84.8,3.2,-0.2,115.4,20.1,59.3,61.7,1.4,9.7,19.5,17.5,0,1,27.9,86-164,0.524,8.2,0.439,1.5,-2.4,114.5,
294,Sr,6,1,73,Ronaldo Segu,Buffalo,MAC,82.9,3.2,0.6,110.2,23.9,48.1,51.9,1.7,8.2,27,17.3,1,1.4,24.5,113-249,0.454,6.8,0.36,2.3,-1.3,107,
295,Sr,6,5,77,Taevion Kinsey,Marshall,CUSA,87.9,3.2,-1.1,99.5,28.7,43.3,48.4,6,8.5,21.1,14.2,0.2,1.4,35.8,191-402,0.475,4.2,0.155,2.1,-2.6,110.9,
296,Sr,6,9,81,Drew Peterson,USC,P12,82,3.2,5.3,108.6,20.6,54.4,57.3,3.9,16,18.9,20.7,2.4,1.2,33.2,100-200,0.5,6.3,0.412,3.7,1.8,95,
297,Jr,6,7,79,Chris Doherty,Northeastern,CAA,71.3,3.2,1.8,114.5,22.5,58.5,62.7,14.6,24.4,12.3,19.9,3.6,0.6,55.4,131-223,0.587,0.1,0,2.6,0.1,101.9,
298,Jr,6,3,75,Hunter Cattoor,Virginia Tech,ACC,81.9,3.2,5.3,118,15.1,58.5,59.8,1.3,13.9,11.4,12.7,0.6,2.1,18,38-79,0.481,10.6,0.417,3.7,2.3,94.5,
299,Sr,6,9,81,Amadou Sow,UC Santa Barbara,BW,74.4,3.2,2.5,111.1,25.4,56.4,59.1,13.4,21.6,5.6,15.7,2.8,1.5,26.9,154-265,0.581,2.4,0.281,3,-0.8,98.7,
300,Jr,6,2,74,Boo Buie,Northwestern,B10,73.3,3.2,2.9,104.8,26.8,47.5,51.6,1.7,8.4,30.2,13.9,0.1,1.5,26.8,85-189,0.45,11.5,0.335,2.8,-0.5,100.3,
301,Jr,6,1,73,Kamdyn Curfman,VMI,SC,91.7,3.2,0.1,111.7,19.9,54.8,56.6,1.5,7.8,12.8,10.3,0.1,1.2,12.8,49-99,0.495,14.8,0.378,1.7,-2.6,113.9,
302,Sr,6,6,78,Au'Diese Toney,Arkansas,SEC,78.4,3.2,3.2,117.5,15,54,60.5,7.7,10.1,4.4,14.3,1.9,1,62.9,116-209,0.555,1.5,0.29,3.7,1.5,94.5,
303,Jr,5,10,70,Jared Bynum,Providence,BE,59.4,3.2,5.1,107,25.7,49.3,54,1,10.5,32.1,17.7,0.7,2.1,39.4,72-173,0.416,7.9,0.413,3,1.2,95.3,
304,Jr,6,6,78,Tyler Robertson,Portland,WCC,87.9,3.2,3,107,23.5,48.5,54.7,2.9,15.9,25.7,16.5,0.9,2.2,34.4,98-220,0.445,7.8,0.361,3.3,0.9,101.5,
305,Sr,6,7,79,Justyn Mutts,Virginia Tech,ACC,74.4,3.2,7,108,23.1,56.6,58.4,10.2,21.2,22.4,24.6,3.7,2.5,30.5,130-224,0.58,2.8,0.333,3.9,3.8,89.3,
306,Jr,6,6,78,Jalen Hill,Oklahoma,B12,75.4,3.2,4.5,114.3,16.1,59.9,64.1,7,17.4,9.2,20.4,1.5,1.8,56.3,106-158,0.671,2.2,0.205,3.7,2.3,92.5,
307,So,6,2,74,Jamal Mashburn Jr.,New Mexico,MWC,85.4,3.2,-0.8,100.2,27.1,46.9,51.4,0.9,8.3,13.8,12.2,0.3,1,30.4,144-319,0.451,7.7,0.338,2.1,-2.6,109.4,
308,Sr,6,8,80,Ben Vander Plas,Ohio,MAC,88.8,3.2,4.5,113.8,20.3,54.5,57.7,3.6,19.6,16.9,14.4,1.5,2.9,37.7,96-161,0.596,9.3,0.335,3.8,2,96.6,
309,Jr,6,8,80,Kobe Brown,Missouri,SEC,74.2,3.2,4.4,105.1,23.5,49.8,55.4,7.7,20.6,17.8,19.9,3.2,2.4,40.7,127-231,0.55,4.1,0.212,3.1,1.8,97.2,
310,Fr,6,1,73,Jao Ituka,Marist,MAAC,50.8,3.2,4.2,108.9,35.4,55.4,60.2,3.6,12.7,19,18,1.3,1.8,49.5,135-248,0.544,3.8,0.41,1.7,0,104.7,
311,Sr,6,5,77,Taze Moore,Houston,Amer,70.4,3.2,7.7,112.8,19.2,50.6,52.1,6,12.4,17.4,15.3,2.8,3.2,12.9,106-202,0.525,7.8,0.319,4.3,4.2,86,
312,So,6,4,76,Chris Youngblood,Kennesaw St.,ASun,75.1,3.2,2.2,116.4,19.7,57.8,60,6.5,13.9,6,13.2,1.8,1.4,18.9,69-125,0.552,10.5,0.4,2,-1.7,109,
313,Jr,5,8,68,Markquis Nowell,Kansas St.,B12,65.7,3.2,5.5,101.3,26.3,46,50.9,1.5,11.9,35.9,18.9,0.1,4.3,28.3,69-150,0.46,10.1,0.307,3.6,2.9,92.8,
314,Sr,6,3,75,Kyle Lofton,St. Bonaventure,A10,87.2,3.2,1.8,102.3,22.4,44.5,49.7,2.5,8.6,28.4,18,0.3,3.1,29.6,107-235,0.455,5.4,0.282,3.7,1,99.3,
315,Jr,5,8,68,Tevin Brewer,FIU,CUSA,75.2,3.2,0.8,106.5,27.7,50.6,54.1,2,10.2,38.3,18.9,0,1.5,22.7,93-206,0.451,10,0.385,2.1,-1.7,108.3,
316,Sr,6,6,78,Rylan Bergersen,Eastern Washington,BSky,82.2,3.2,1.9,114.1,22.1,52.8,58.5,4,12.8,25.9,16.9,1.9,2,60.2,115-202,0.569,4.7,0.287,2.3,0.1,107.6,
317,Sr,6,3,75,Caleb Asberry,Texas St.,SB,74.4,3.2,4.5,111,24.1,54.2,58.9,2.8,15.6,14.7,17.9,2,2.6,36.2,54-112,0.482,11.8,0.392,2.7,0.6,101,
318,Sr,6,6,78,Maizen Fausett,Southern Utah,BSky,72.8,3.1,2,120.1,18.8,55,57.4,10.2,19.1,5.6,9.3,1.3,1.2,27.2,110-188,0.585,6.4,0.327,2.3,-1.4,105.8,
319,Sr,6,8,80,Gabe Brown,Michigan St.,B10,72.2,3.1,4.5,114.5,18.1,53.7,57.2,3.6,11,7.7,11.3,1,1.4,19.8,70-143,0.49,10.8,0.382,2.9,0.6,98.3,
320,Jr,6,4,76,Darin Green Jr.,UCF,Amer,74.3,3.1,2.6,109.7,20.2,53,54.2,2.8,6.7,11.3,11.1,0.8,1.4,11.9,48-111,0.432,14.9,0.385,2.5,-0.7,103.9,
321,Sr,6,10,82,Grant Golden,Richmond,A10,68.5,3.1,4.5,105.5,27.4,53.4,55.7,4,21.9,25.1,15.3,2,0.9,25.1,183-325,0.563,4.8,0.28,2.8,0.7,98.4,
322,So,6,9,81,John Hugley,Pittsburgh,ACC,74.1,3.1,1,99.6,30.2,48.2,54.6,11.2,21.7,11.6,20.4,2,1.5,67.6,147-285,0.516,2.8,0.167,2.9,-0.5,98.7,
323,Jr,7,1,85,Warren Washington,Nevada,MWC,43.6,3.1,3.6,118.2,20.5,60.8,63.8,11.5,20.7,7.8,15.3,6.3,0.9,48,90-148,0.608,0,0,2.3,0.7,99.1,
324,Sr,6,1,73,Jarkel Joiner,Mississippi,SEC,52.6,3.1,3,108.9,21.8,48,52.2,1.2,10.5,16.2,8.1,0.2,2.3,25.3,67-146,0.459,9,0.34,2.9,1,100.4,
325,Sr,6,10,82,Dylan Painter,Delaware,CAA,57.7,3.1,2.7,114.5,23,56,61.9,10.9,16.5,12.8,19.2,4,1.1,63.8,104-186,0.559,1.6,0.381,2.2,-0.3,103.6,
326,Sr,6,5,77,Cam Holden,Towson,CAA,82.3,3.1,4.6,106,25.4,45.7,51.2,9.9,18.7,19,18.3,0.7,3.6,51.9,133-282,0.472,4.2,0.269,3.8,2,93.9,
327,Sr,6,1,73,David Jean-Baptiste,Chattanooga,SC,78.6,3.1,2.3,111.3,21.8,51.4,54.4,1.6,7.7,12.6,13.5,0.2,2.2,17,75-155,0.484,13.3,0.357,3.1,0.1,100.3,
328,Fr,6,8,80,Kendall Brown,Baylor,B12,67,3.1,6.4,116.1,17.5,61.5,63,7.3,13.7,12.3,21,1.5,2.2,32.7,118-185,0.638,2.6,0.341,3.5,3,90.1,
329,Jr,6,9,81,Ben Krikke,Valparaiso,MVC,65.8,3.1,1.4,109.3,24.5,52,56.6,5.8,13.6,12.8,12.6,3,1.4,31.1,141-255,0.553,1.9,0.12,2.2,-0.4,105.3,
330,Jr,6,9,81,Francis Okoro,Saint Louis,A10,59.9,3.1,5.5,120.4,20,57.7,61.6,13.2,25,3.5,14.1,5.4,1.5,45.2,139-241,0.577,0,0,3.1,2,90.6,
331,Jr,7,1,85,Branden Carlson,Utah,P12,49.8,3.1,5.5,110.3,24.9,54.2,57.8,6.9,18.3,10.5,14.2,6.4,0.8,26.4,110-195,0.564,5.2,0.309,2.5,1,99.7,
332,Jr,6,1,73,Joel Murray,Long Beach St.,BW,81.1,3.1,1.1,103.4,27.1,47.4,53.8,1.9,9,20,16,0.2,2.6,37.5,161-351,0.459,3.6,0.369,2.6,-0.4,104.3,
333,Sr,6,2,74,"Marcus Shaver, Jr.",Boise St.,MWC,80.1,3.1,3.1,105.7,21.9,48.2,52.6,1.4,12.9,14,14.1,0.7,2.1,33,93-206,0.451,8.7,0.348,4,2.1,92.4,
334,Sr,6,7,79,Brandon Slater,Villanova,BE,75,3.1,5,117.6,15.1,55.4,61,3.8,10.7,10.6,18,1.4,2.3,37.5,73-123,0.593,5.6,0.337,3.5,3.2,93.4,
335,Sr,6,1,73,Aaron Clarke,Sacred Heart,NEC,70.7,3.1,-2.5,110.4,25.3,48.8,55.5,1.3,4.6,24.8,16.4,0,0.8,38.5,87-171,0.509,9.4,0.308,0.5,-4.4,122.8,
336,So,6,1,73,Justin Hill,Longwood,BSth,73.4,3.1,3,106.5,26.8,47.3,53.4,2.7,16.6,27,18.7,0.6,2.9,42.2,100-225,0.444,6.1,0.364,2.8,0.6,101.7,
337,Fr,6,6,78,Fousseyni Traore,BYU,WCC,57.1,3.1,7,118.1,20.3,59.4,62.5,13.7,26.3,8,17.6,5.6,1.3,41.3,122-200,0.61,0.6,0.125,3,2.4,90.5,
338,Jr,6,1,73,Jason Gibson,Towson,CAA,57.8,3.1,4.5,124.6,17.2,58.5,61.8,1.5,11.4,17.6,15.7,0.2,2.3,21.2,28-63,0.444,11.8,0.429,2.5,1.2,100.4,
339,Fr,6,4,76,Trevor Keels,Duke,ACC,69.5,3.1,3.5,110.2,20.1,49.6,52,3.3,9,14.6,12.1,0.2,2.3,27.6,93-178,0.522,9.3,0.312,3.2,0.7,96.9,
340,Sr,6,4,76,D'Moi Hodge,Cleveland St.,Horz,71,3.1,5.5,115.9,22.9,56.3,58.9,3.3,9.4,9.8,11.8,2.8,4.4,26.9,107-169,0.633,12,0.329,2.6,1.6,101.1,
341,Jr,6,1,73,John-Michael Wright,High Point,BSth,87.1,3.1,0.7,100.8,28.9,45.7,51.2,2.4,11.4,20.8,15.1,0.9,1.7,36.5,122-279,0.437,9.2,0.327,2.6,-1.5,106.3,
342,Sr,6,1,73,Joe Bryant Jr.,Norfolk St.,MEAC,84.3,3.1,2.6,106.4,26,49.3,56.7,2.6,14,18.7,19.7,1.2,2.3,38.8,99-202,0.49,9.1,0.331,3,0.4,101.4,
343,Sr,6,3,75,Alonzo Verge Jr.,Nebraska,B10,67.6,3.1,3.8,98.4,31.8,48,52.6,1.9,15.4,42.8,20.6,0.9,3.2,34.4,150-312,0.481,3.4,0.315,2.8,1,98.6,
344,Sr,6,6,78,Jared Rhoden,Seton Hall,BE,79.8,3.1,3.3,100.6,25.1,43.1,48.5,3.9,17.6,7.3,12.4,2,2,30.8,125-309,0.405,6.5,0.336,4.1,1.3,91.2,
345,Fr,6,6,78,Dillon Jones,Weber St.,BSky,86.8,3.1,4.3,115.7,19.6,59.6,64,5.7,31.9,14.5,19,0.2,3,44.8,112-181,0.619,4.2,0.362,3.7,1.6,96.6,
346,Sr,6,7,79,Eral Penn,LIU Brooklyn,NEC,79.5,3.1,2.2,108.9,25.4,48,52.9,8.5,15.5,12.1,10.9,3.9,2.3,46.7,124-247,0.502,8,0.294,2.6,-0.4,103.5,
347,So,6,11,83,Clifford Omoruyi,Rutgers,B10,70.6,3.1,3.8,115.2,19.1,62.6,62.7,8.8,23,2.8,14.3,5.2,1.1,38,160-252,0.635,0.4,0.167,3.4,1.2,92.8,
348,So,6,7,79,Jalen Bridges,West Virginia,B12,67,3.1,5.2,117.9,15.5,51.1,55.3,8.3,12.6,6.1,9.8,2.9,2.1,27.9,58-108,0.537,7.5,0.325,2.9,1.4,96.1,
349,So,6,6,78,David Jones,DePaul,BE,67.1,3,5.8,102.7,26.3,49.4,51.6,6.6,20.2,17.4,17,3.5,3.2,22,123-237,0.519,8,0.297,3.5,2,93.2,
350,Jr,6,9,81,Derrick Walker,Nebraska,B10,64.4,3,3,119.6,17.1,68.3,69.3,8.9,16.5,11.1,20.6,3.7,1.6,32.8,129-188,0.686,0.1,0,2.4,1,100.1,
351,Fr,6,2,74,Alijah Martin,Florida Atlantic,CUSA,72.5,3,5.5,113.4,21.5,57.6,59.9,4.4,17.7,9.3,16.5,1.4,3.2,23.6,70-127,0.551,12.1,0.396,3.1,1.4,98,
352,Sr,6,2,74,Camren Wynter,Drexel,CAA,87.3,3,0.9,102.7,27.1,47,50.7,2.3,15.5,25.4,15.5,0,1.4,19.2,136-276,0.493,7.5,0.28,3,-0.4,102.9,
353,Fr,6,11,83,Jalen Duren,Memphis,Amer,55.5,3,6.6,109.5,23,59.7,60.8,14,21.5,10.5,21.6,9.9,1.8,44.1,141-235,0.6,0.1,0,3.5,3.1,87,
354,So,5,11,71,Wendell Green Jr.,Auburn,SEC,65.1,3,5.2,104.9,26.5,44.4,49,2.3,12.6,35.5,17.9,0,3.1,24.1,77-187,0.412,11.6,0.317,3.4,1.9,90.3,
355,Fr,6,7,79,Bryce McGowens,Nebraska,B10,79.1,3,0.9,100.1,26.2,45.3,53.3,2.4,14.6,8.6,13.4,1,1.2,49.1,120-251,0.478,7.9,0.274,2.7,-1.3,103.1,
356,Sr,6,2,74,Jaelin Llewellyn,Princeton,Ivy,77.4,3,0.2,106.7,25.3,52.7,54.1,3.8,11.3,13.1,13.1,0.4,1.2,15.2,101-206,0.49,10.7,0.383,2.2,-2.3,108.4,
357,Jr,6,6,78,Sam Griesel,North Dakota St.,Sum,67.9,3,3.1,113.9,23.2,52.8,58.2,3.9,18.1,20.6,14.8,1.1,1.3,53.6,100-196,0.51,3.8,0.393,3.1,0.7,100.9,
358,Sr,6,4,76,De'Monte Buckingham,UNC Greensboro,SC,72.7,3,4.8,115.7,20.6,59.2,61.4,6.4,19.6,8.9,17,0.8,1.7,21.3,68-129,0.527,10.7,0.431,2.9,0.2,99.7,
359,Sr,6,1,73,Azar Swain,Yale,Ivy,83.2,3,2.2,102.7,28.3,49.3,54.5,1.1,12.5,11,14.4,0.2,1.4,27.7,126-270,0.467,11.3,0.352,3,-0.8,101.4,
360,Sr,6,9,81,Josh Roberts,Manhattan,MAAC,52.5,3,3.7,134,16.5,70.1,69,14.2,23.5,1.6,9.6,6.7,1.1,38.2,110-156,0.705,0.1,0,1.7,-0.6,104.2,
361,Fr,6,7,79,Dalen Terry,Arizona,P12,69.1,3,6.7,121.1,15.1,56.3,58.4,5,12.8,22.1,18,1.1,2.5,23.1,87-152,0.572,4.1,0.364,3.5,3.5,90.4,
362,Sr,6,9,81,DeAndre Williams,Memphis,Amer,49.3,3,7,111.7,21.4,58.7,60.8,10.6,14.9,13.9,21.3,3.1,3,37.1,105-172,0.61,2.6,0.3,3.2,3,90.1,
363,Sr,6,3,75,Amorie Archibald,Louisiana Tech,CUSA,79.9,3,2.7,115.9,18.1,52,57.9,1.4,11.1,15,12.2,0.7,1.6,38.4,78-155,0.503,6.7,0.362,3,1,100.5,
364,Sr,6,8,80,Michael Akuchie,Youngstown St.,Horz,79.6,3,0.2,110.5,24.4,49.6,55.2,10.8,18.6,10.1,15.6,2.1,1.1,37.1,132-256,0.516,5.4,0.293,2.1,-2.1,108.3,
365,So,6,3,75,Max Klesmit,Wofford,SC,77.8,3,1.5,108,24.2,53.3,57.5,1.9,10.9,12.6,16.2,0.5,3,28.6,81-141,0.574,12.5,0.335,2.9,0.5,101.1,
366,Jr,6,2,74,Eric Reed Jr.,Southeast Missouri S,OVC,75.2,3,0.3,108.8,23.3,51.3,56.1,3.5,8.5,11.3,12.9,0.4,1.8,34.2,81-166,0.488,11,0.358,1.6,-2.3,113.2,
367,Sr,6,4,76,Aljami Durham,Providence,BE,79.1,3,1.3,101.5,24,40.2,51.1,1.2,9.7,20.2,17.8,1,1,62.8,87-203,0.429,6.5,0.237,3.4,0.5,98.6,
368,Jr,6,9,81,Malevy Leons,Bradley,MVC,73.9,3,4.8,122,15.4,58.7,62.8,6,17,8.8,15.6,4.1,1.3,34.2,63-106,0.594,6.4,0.385,3.3,2.2,95,
369,Jr,6,1,73,Jahvon Quinerly,Alabama,SEC,74.8,3,0.9,100.6,25.3,47.4,50.7,1.2,9.4,26.5,21.3,0.5,1.2,25.9,115-223,0.516,9.8,0.281,2.7,-1.1,101.7,
370,Fr,6,7,79,Francis Nwaokorie,UC San Diego,BW,68.3,3,1.1,114.7,22.2,59.8,63.6,9.2,18.2,12.7,17.1,2,1.8,47.8,79-130,0.608,5.9,0.387,2,-0.7,106.5,
371,Jr,5,9,69,Sahvir Wheeler,Kentucky,SEC,68.3,3,2.5,104,22.4,47.1,50.3,2.3,7,35.5,25.1,0.2,2,21.7,104-220,0.473,3.2,0.308,3.3,0.7,96.4,
372,Sr,6,1,73,David DeJulius,Cincinnati,Amer,71.8,3,3.1,103.3,26.2,45.9,50.3,1.4,9.1,20.6,12.4,0,1.5,25.5,115-244,0.471,10.2,0.294,2.8,0.2,99.7,
373,Jr,6,2,74,Dwayne Cohill,Youngstown St.,Horz,75.7,3,1.2,108,27.2,49.7,56.4,2.9,13.7,18.8,17.7,1.7,2,42.4,130-281,0.463,4.9,0.412,2,-0.7,108.1,
374,Sr,6,5,77,Austin Butler,Charlotte,CUSA,82.1,3,0,112.3,19.6,57.9,60,5.8,16.8,9.3,14.2,0.2,1.6,31.7,112-196,0.571,5.2,0.398,2.3,-1.3,107.2,
375,So,6,1,73,Noel Coleman,Hawaii,BW,53.6,3,2.3,108.3,24.4,50.2,54.7,4.1,8.7,14.3,14,0.4,1.1,29.6,48-117,0.41,9.8,0.416,2.4,-0.7,104.6,
376,Sr,6,8,80,Moses Wood,Portland,WCC,79,3,3,110.4,21.1,58.4,63.1,4.3,15.4,12.2,19.6,2,1.4,41.1,76-148,0.514,8.3,0.436,2.8,0.1,102.9,
377,Fr,6,7,79,Steele Venters,Eastern Washington,BSky,84.3,3,1.4,111.6,22.2,55.6,59.2,3.1,10,12.8,14.1,2.2,1.4,26.2,91-198,0.46,10.2,0.436,2,-1.6,110.1,
378,Jr,6,3,75,Boogie Ellis,USC,P12,71.7,3,2.4,107.1,21.8,49.9,53.6,2,9.8,15.7,16,0.5,1.6,25.9,87-194,0.448,9,0.376,3,0.8,97.9,
379,Sr,6,4,76,Isaiah Wilkins,Longwood,BSth,67.5,3,5.9,116.3,22.1,55.4,58.4,5.2,23,16.6,15.4,0.7,3.5,22.2,69-135,0.511,10.9,0.396,2.7,1.4,98.3,
380,So,6,6,78,Mason Gillis,Purdue,B10,52,3,5.1,130.4,12.5,62.4,65.6,8.1,15.8,7.6,16,1,0.9,28.4,34-54,0.63,6.7,0.414,2.4,1.2,97.8,
381,So,6,9,81,Nelly Junior Joseph,Iona,MAAC,70.4,2.9,4.7,109.8,23.7,54.8,57.8,13,19.7,11.2,17.7,6.9,2.2,56.7,159-289,0.55,0.2,0.25,3.3,1.9,93.2,
382,Sr,6,7,79,Jordan Usher,Georgia Tech,ACC,78.5,2.9,3.7,101.6,26.1,52.6,55.2,4.4,19.8,20.8,18.9,0.6,2.8,26.4,135-253,0.534,6.8,0.339,3.5,1.4,95.1,
383,So,6,4,76,Matthew Murrell,Mississippi,SEC,71,2.9,3.3,108.6,20.3,53,56.4,1.8,10.6,12.1,13.1,0.5,1.6,31.9,64-135,0.474,9.9,0.386,2.7,0.2,100.9,
384,Jr,6,8,80,Race Thompson,Indiana,B10,70.5,2.9,6.4,111.3,19.9,56.1,57.7,8.4,21.7,10.4,14.3,2.8,2.2,30.4,142-238,0.597,3.2,0.273,3.9,3,87.9,
385,Sr,6,2,74,Mikey Dixon,Idaho,BSky,73.8,2.9,-1,107,27.8,47.4,56.2,2.1,10.5,14.4,14.1,0.1,1,49.4,102-237,0.43,7.3,0.378,1.1,-3.5,116.6,
386,Sr,6,4,76,Desmond Cambridge Jr.,Nevada,MWC,78.7,2.9,5.8,102.4,23.9,53,54.5,2.9,15.1,12.2,13.8,4.1,2.9,14.4,88-169,0.521,13.5,0.358,3.3,1.2,97.9,
387,Jr,6,3,75,Xavier Johnson,Indiana,B10,66.6,2.9,4.7,102,28,46.1,52.6,2.3,13.1,36.6,20.3,0.6,2.5,45.5,95-229,0.415,5.9,0.383,3.4,2,91.6,
388,So,6,9,81,Josh Bannan,Montana,BSky,80.2,2.9,3.1,110.4,24.8,53.5,58.5,4.6,28.4,12.9,12.3,1.8,1.3,43.5,132-248,0.532,4.4,0.362,2.7,-0.4,102.7,
389,Fr,6,2,74,Reyne Smith,College of Charlesto,CAA,68.4,2.9,1.7,121.1,17.3,53.3,58.7,1.3,7.9,8.7,13,0,1.5,29.1,19-49,0.388,14.7,0.375,2,-0.7,106.3,
390,Sr,6,8,80,Kevin Obanor,Texas Tech,B12,64.5,2.9,5.2,114.6,18.1,55.1,57.7,7.9,17.4,4.1,13.6,1.9,0.7,24.7,86-144,0.597,8.8,0.336,3.5,1.7,88.1,
391,Sr,6,1,73,David Sloan,East Tennessee St.,SC,81.3,2.9,1.2,107,23.8,50.9,52.1,1.4,10.5,30,18.3,0.8,3,13.7,87-193,0.451,9.2,0.389,2.2,-0.5,107.5,
392,Sr,6,1,73,Khalil Shabazz,San Francisco,WCC,75,2.9,3.6,105.7,22.8,47.4,51,1.8,10,13.2,12.5,0,3.2,19.7,78-181,0.431,12.6,0.339,3.6,2.1,93.2,
393,So,6,10,82,Josh Cohen,St. Francis PA,NEC,56.1,2.9,2.3,116.9,24,57.5,59.5,11,17.6,15.1,12.9,3.1,1,57.9,123-214,0.575,0,0,1.5,-1.5,110.5,
394,So,6,11,83,Jordan Brown,Louisiana Lafayette,SB,62.2,2.9,3.5,105.1,26.5,52.9,55,11.2,22.1,9,16.9,3.7,1.6,42.2,138-264,0.523,2,0.4,3,0,97.9,
395,Sr,6,7,79,Jayveous McKinnis,Jackson St.,SWAC,70.5,2.9,6,113,20.1,56.6,57.2,11.9,26.8,4.9,12.5,9.7,2.1,35.1,142-250,0.568,0.1,0,3.8,2.8,92.7,
396,Jr,6,9,81,Tyler Wahl,Wisconsin,B10,73.9,2.9,5.3,106.6,20.7,52.5,55.5,5.9,16.5,10.7,15.4,2.7,2.3,35.5,139-245,0.567,2.3,0.162,3.9,3.1,90.7,
397,Jr,6,4,76,Matt Balanc,Quinnipiac,MAAC,72.4,2.9,0.7,111.8,21.7,51.5,55.5,4.5,11.7,3.8,8.6,0.6,1.8,27,85-180,0.472,10.5,0.376,1.9,-2.1,109.5,
398,Sr,6,9,81,Collin Welp,UC Irvine,BW,72.2,2.9,4.4,104,28,44.1,49.9,6.3,19.8,15.4,11.9,1,1.5,29.4,108-230,0.47,5.2,0.214,3.2,0.7,95,
399,So,5,10,70,Jalen Rucker,Army,Pat,80.9,2.9,1.7,105.4,27.7,50.1,53.4,1.7,11.8,20.8,15,0.5,1.7,25.2,95-216,0.44,13,0.376,1.9,-1.9,110.1,
400,Jr,6,7,79,Keion Brooks Jr.,Kentucky,SEC,59,2.9,4.2,111.2,21.3,50.5,54.8,7.3,12.9,7,14.8,2.7,1.6,32.6,132-252,0.524,2.1,0.233,2.9,1.6,93.1,
401,Sr,6,2,74,Marcus Carr,Texas,B12,76.6,2.9,2.6,103.7,22.2,46.6,51.3,1,6.7,22.8,17,0.3,1.9,33.2,81-186,0.435,8.2,0.338,3.6,1,93.7,
402,Sr,6,8,80,Kyle Young,Ohio St.,B10,47.6,2.9,5.3,117.7,19.2,54.5,59.3,7.7,18.3,10.5,14.7,2.6,1.2,42.6,62-104,0.596,5.1,0.294,2.4,1.4,96.3,
403,Sr,6,3,75,Camron Justice,Western Kentucky,CUSA,76.5,2.9,1.3,105.7,23.5,53.5,57,0.5,11.1,18.4,17.7,0.2,2.5,26.5,66-135,0.489,12,0.378,2.7,-0.7,103.5,
404,Sr,6,7,79,Gavin Kensmil,Stephen F. Austin,WAC,79.4,2.9,1.2,103.4,26.7,60.2,61,9.5,15.2,11.4,23.8,2,1.6,66.9,175-289,0.606,0.3,0.25,3.1,-0.3,98.9,
405,So,6,7,79,Keller Boothby,Cornell,Ivy,59.5,2.9,4.4,140.3,11,74.8,75.5,2,14.7,5.7,9.6,0.4,1.9,13.6,14-Nov,0.786,10.6,0.495,1.7,-0.1,106.3,
406,So,6,4,76,T.J. Weeks Jr.,Massachusetts,A10,58.4,2.9,2,118.9,17.8,52.5,55.7,7.5,15.4,6.7,7.8,1.4,2,32.7,45-93,0.484,10,0.369,1.4,-2,111.6,
407,Fr,6,5,77,Jake Heidbreder,Air Force,MWC,82,2.9,0,116.1,15.7,60.4,63.2,3.5,9.8,13,14.7,0.4,1,28.9,57-91,0.626,7.3,0.391,2.3,-1.1,107.6,
408,So,7,1,85,Steven Crowl,Wisconsin,B10,63.4,2.9,4,116.3,17.8,55.7,58.1,6.1,13.5,11.9,12.5,1.1,0.6,19.7,88-147,0.599,5.8,0.321,2.8,1.4,95.7,
409,Sr,6,10,82,Brandon Horvath,Utah St.,MWC,77,2.9,3.4,103.3,24.4,56.1,56.9,6.2,19.3,17.3,19.1,2,1,34.4,140-229,0.611,6.6,0.307,3.3,1.2,96.3,
410,Sr,6,4,76,Kane Williams,Georgia St.,SB,80.7,2.9,3.7,105.9,22.9,40.8,51.7,2.8,11.9,22.2,16,1,3.4,69.1,70-175,0.4,5.1,0.284,3.1,2.1,99.9,
411,Sr,6,8,80,Kris Bankston,Norfolk St.,MEAC,69.6,2.9,3.8,121.2,18.1,69.8,66.7,10.2,15.9,8.3,16.2,5.1,1.9,61,127-182,0.698,0,0,2.7,1.5,99.3,
412,Jr,6,7,79,Emanuel Miller,TCU,B12,68.2,2.9,4.4,109.4,19.3,51.2,53.7,10.4,15.5,6.7,15.2,3,1.5,27.8,131-243,0.539,2.9,0.244,3.4,1.9,91.5,
413,So,6,1,73,Travis Evee,Rice,CUSA,80.7,2.9,-0.4,109.3,21.1,55,58.7,1.1,9.5,16.3,16.7,0.3,1.7,25.4,57-111,0.514,12.5,0.38,1.9,-1.8,110.3,
414,Sr,6,5,77,Tamenang Choh,Brown,Ivy,68.7,2.9,2.7,102.6,29.4,45.4,53.5,7.9,24.4,21.5,19.3,1.1,1.3,64.6,94-197,0.477,5.1,0.258,2.7,0,101,
415,Sr,6,4,76,Jaren Holmes,St. Bonaventure,A10,94.6,2.9,0.9,100.9,22.2,43.5,49.1,3.3,12.3,17.7,14.5,1.1,1.8,37.4,118-264,0.447,5.8,0.273,3.5,0.2,100.6,
416,Jr,6,3,75,Terry Roberts,Bradley,MVC,72.2,2.9,5.6,101.2,29.8,50.5,53,3.5,16.1,31.4,21.5,2.3,3.3,24.5,127-255,0.498,7.6,0.348,3.6,2.8,91.9,
417,Sr,6,2,74,Shavar Reynolds Jr.,Monmouth,MAAC,68,2.9,0.5,105,25.9,46.1,52.5,3.2,8.3,20.5,15.1,0.8,1.3,36,95-225,0.422,8.4,0.351,2.3,-1.3,105.5,
418,So,6,6,78,Freddy Hicks,Tarleton St.,WAC,80.8,2.9,0.9,106,23,46.3,53.5,5,16,12.7,13.4,2.8,1.8,54.4,93-194,0.479,5.3,0.282,2.9,0.1,101.8,
419,Sr,6,10,82,Abayomi Iyiola,Hofstra,CAA,44.5,2.8,2.4,134,16.7,62.9,65.3,16.8,24.3,5,10.8,3.4,2.1,33.9,78-123,0.634,0.1,0,1.9,-0.1,100.4,
420,Sr,6,3,75,Jordan Goldwire,Oklahoma,B12,74,2.8,3.9,102.6,22.1,48.5,52.5,2.7,8.3,24.1,19.2,1,2.9,26,112-220,0.509,5.1,0.284,3.5,2.3,93.3,
421,Jr,6,5,77,Isaac Mushila,Texas A&M Corpus Chr,Slnd,67,2.8,3.3,118,23.5,53.8,61.7,15.1,24.8,8.3,17.2,0.5,2.5,74.8,121-223,0.543,1.8,0.333,2.6,-0.6,99,
422,Jr,6,1,73,Demaree King,Jacksonville St.,ASun,61.6,2.8,4.6,122.8,18.7,63.5,64.5,2.5,7,17.8,15,0,1.9,13.3,31-55,0.564,13.8,0.439,1.8,-0.4,106.2,
423,Sr,6,4,76,Tyson Jolly,Iona,MAAC,83.8,2.8,1.7,106.2,22.2,49.9,53.2,6.5,9.5,13.6,15.1,2.5,1.2,34.1,121-259,0.467,6.7,0.374,3,-0.6,102,
424,Sr,6,2,74,Ricky Clemons,Campbell,BSth,88.4,2.8,1,119.3,14.5,61.4,64,3.1,14.1,11.1,14.1,0.7,1.5,60.1,88-136,0.647,1.5,0.273,2.7,0.2,105.3,
425,Jr,6,7,79,Jeremiah Davenport,Cincinnati,Amer,65.1,2.8,4,106.2,24,49.7,52.6,6.6,15.6,5.9,11.4,1.2,1.3,21.7,59-131,0.45,15.5,0.35,2.9,0,96.2,
426,Sr,6,1,73,Jahlil Jenkins,Stony Brook,AE,58.4,2.8,1.1,110.8,21.6,50.4,53.7,1,4.4,17.8,11.2,0,3.3,20.7,65-146,0.445,8.8,0.39,1.8,-0.8,110.7,
427,Jr,6,9,81,Ahsan Asadullah,Lipscomb,ASun,57.3,2.8,3.6,102,31.6,52.7,54.4,6.7,26.7,40.1,19.8,3.4,1.2,28.9,143-269,0.532,2.1,0.32,2.2,1.1,105.1,
428,Fr,6,5,77,Will Richard,Belmont,OVC,68.1,2.8,3.9,113.6,21.3,54.2,58.2,7.6,18.3,10.7,13.2,3.5,2.5,32.2,89-147,0.605,8.9,0.316,3,0.9,96,
429,Sr,6,6,78,Jalen Johnson,Mercer,SC,75.3,2.8,3,111.4,21.2,54.7,58.3,5.3,12.7,8.4,13.1,4.5,1.7,21.5,59-124,0.476,12.1,0.396,2.3,-0.6,105.7,
430,Sr,6,3,75,Darian Adams,Jacksonville St.,ASun,85.6,2.8,2.7,103.6,25.7,47.7,52.2,3.2,13.4,22.8,17.8,1.4,2.6,27.9,84-200,0.42,10.3,0.362,3.2,0.6,100.8,
431,So,6,6,78,Jermaine Marshall,Samford,SC,58.6,2.8,0.9,110.5,25.7,51.9,56.9,11.5,25.2,6.9,15.7,0.9,2.1,53.1,87-156,0.558,7.3,0.299,2.4,-0.9,100.8,
432,Sr,6,1,73,Daivien Williamson,Wake Forest,ACC,70.1,2.8,2.4,116.3,16.5,56.5,61.1,0.9,7.9,7.1,12.6,0.2,1.2,32.2,63-119,0.529,8.8,0.395,3,0.4,98.5,
433,Jr,6,7,79,Madut Akec,Detroit,Horz,59.3,2.8,1.9,112.3,22.1,55.3,58.6,8.8,21.2,7.6,16.2,1.5,2.9,27.5,86-158,0.544,5.4,0.383,2.2,-0.4,106.5,
434,So,6,9,81,Rienk Mast,Bradley,MVC,68.9,2.8,4.7,110.7,22.4,52.3,54.6,11.1,23.4,10.9,14.7,4,1.1,27.1,108-191,0.565,6.6,0.29,3.3,1.1,93.2,
435,Sr,6,1,73,Colin Slater,Long Beach St.,BW,80.2,2.8,0.7,108.4,21.2,49.7,54.3,0.9,9.5,17.3,12.7,0.3,1.5,27.6,82-190,0.432,9.1,0.383,2.3,-1,106.6,
436,So,6,11,83,Max Fiedler,Rice,CUSA,63.2,2.8,3.9,112.9,23,56,58.7,11.1,22.4,27.1,20.6,3,2,38.4,121-214,0.565,0.1,0,2.1,0.9,103,
437,Sr,6,7,79,Jericole Hellems,North Carolina St.,ACC,84.4,2.8,0.8,105.4,20.3,49.4,54.2,2.8,12.9,7.4,15.8,1.5,2,28.7,66-170,0.388,9.9,0.395,2.7,-0.4,104.4,
438,So,6,8,80,Kris Murray,Iowa,B10,43.3,2.8,8.5,119.6,24.2,56.2,57.6,9.5,16.6,10.9,10.1,5.2,2.6,29.3,81-148,0.547,10,0.387,2.2,2.2,92.2,
439,Sr,6,4,76,Caleb Daniels,Villanova,BE,63.3,2.8,4.2,110.2,19.3,52.6,56.4,3,13.3,7.4,14.9,0.9,1.6,23.6,63-130,0.485,10.4,0.373,3.2,1.6,93.6,
440,Fr,6,1,73,Ray'Sean Taylor,SIU Edwardsville,OVC,50.9,2.8,3.6,101.6,28.5,52,54.7,3.6,14.3,23.1,19.6,0.6,3.4,21.7,77-152,0.507,12,0.357,2.9,0.5,101.9,
441,Jr,6,1,73,Braden Norris,Loyola Chicago,MVC,80.4,2.8,4.3,111.6,18.3,58,60.8,1.3,9.1,22.4,21.2,0,2,26.7,39-85,0.459,9.2,0.43,3.7,1.8,94.6,
442,Jr,6,10,82,Isaih Moore,Southern Miss,CUSA,59.2,2.8,2.3,109.6,23.5,57,59.8,8.2,19.5,10.7,15.6,4.8,0.9,45.3,109-182,0.599,4.3,0.315,1.8,-0.9,109.3,
443,So,6,2,74,Reece Beekman,Virginia,ACC,87.5,2.8,7.2,109.8,16.8,49.2,51.6,1.6,12.4,30.2,16.2,2.5,4,18,93-191,0.487,3.5,0.338,4.3,4.9,91.7,
444,Sr,6,2,74,Darius Perry,UCF,Amer,73.9,2.8,3.9,102.6,24.2,49,52.1,2.6,12.3,30.9,20.8,0.7,3.2,26.5,64-147,0.435,10.3,0.361,3.1,1.5,97.3,
445,Jr,6,8,80,Donta Scott,Maryland,B10,82.6,2.8,2.4,104.3,20.6,48.5,52.7,5.7,15.4,7.7,14,2.5,1.4,28.2,105-203,0.517,7.4,0.291,3.3,0.3,98.4,
446,Jr,6,5,77,Lester Quinones,Memphis,Amer,68,2.8,4.8,115.9,16.1,56.6,60,4.4,9.5,8.6,17.4,0.5,2.4,37.6,50-93,0.538,8.8,0.39,3,1.5,95.7,
447,Sr,6,9,81,James Karnik,Boston College,ACC,56.7,2.8,3.2,115.5,20.9,57.9,60.4,10.5,18.2,7.6,14.9,1.6,1.5,30.5,120-195,0.615,3,0.263,2.1,0,100.1,
448,Jr,6,1,73,Trey Calvin,Wright St.,Horz,81.8,2.8,1.3,109.5,21.4,52.6,55.5,2.3,9.1,18.5,16.4,0.5,2.7,17.9,123-251,0.49,7.6,0.391,2.6,-0.1,106.2,
449,Jr,6,5,77,Cormac Ryan,Notre Dame,ACC,73.8,2.8,4.7,114.6,16,56.2,59.4,3,15.8,11.4,13.5,0.7,1.9,26.6,47-94,0.5,8.3,0.403,3.3,2.1,95.6,
450,Sr,6,6,78,Vince Cole,Coastal Carolina,SB,78.5,2.8,3.2,106.1,23.3,51.2,53.9,2.6,8.8,6.6,13.8,1.4,2.6,19.8,84-184,0.457,12.5,0.376,2.9,0.5,101,
